Id,Estado,Anio,DIA_ING_MU_20_59,DIA_ING_MU_60_MAS,DIA_ING_HO_20_59,DIA_ING_HO_60_MAS,DIA_TRA_MU_20_59,DIA_TRA_MU_60_MAS,DIA_TRA_HO_20_59,DIA_TRA_HO_60_MAS,DIA_CON_MU_20_59,DIA_CON_MU_60_MAS,DIA_CON_HO_20_59,DIA_CON_MU_60_MAS,OBE_ING_MU_20_59,OBE_ING_MU_60_MAS,OBE_ING_HO_20_59,OBE_ING_HO_60_MAS,OBE_TRA_MU_20_59,OBE_TRA_MU_60_MAS,OBE_TRA_HO_20_59,OBE_TRA_HO_60_MAS,OBE_CON_MU_20_59,OBE_CON_MU_60_MAS,OBE_CON_HO_20_59,OBE_CON_MU_60_MAS
1,Aguascalientes,2010,707,220,413,149,23768,11096,10422,5782,8225,4432,3395,2170,881,187,250,187,25470,9375,6669,9375,6611,2671,1833,1228
2,Baja California,2010,1540,536,1009,386,35470,18096,17587,11807,11951,6623,5820,4468,1254,255,376,255,21668,8176,6344,8176,5640,1940,1555,972
3,Baja California Sur,2010,256,65,193,44,12239,4671,7508,3562,3339,1406,1909,1126,708,94,240,94,20933,4325,6362,4325,4126,1280,1407,660
4,Campeche,2010,520,148,231,86,35996,14807,11595,7144,14795,6742,4903,3341,1450,206,573,206,28580,7426,7785,7426,7359,1660,2278,1082
5,Chiapas,2010,1965,703,854,349,90868,39274,28725,17273,23970,11775,8104,4851,3188,378,1308,378,57965,9152,17546,9152,7940,1145,1897,405
6,Chihuahua,2010,2073,767,1258,563,69112,40432,32298,22114,26093,17434,11971,9459,2953,857,1144,857,78796,32954,24319,32954,21369,9485,6379,4832
7,Ciudad De Mexico,2010,2855,1299,2112,993,164664,110601,81435,52082,63305,46299,31240,21151,3893,835,1339,835,89630,30834,26688,30834,19899,7019,6291,2333
8,Coahuila,2010,332,84,108,67,23807,12767,6448,5453,8041,4740,2155,1984,670,178,175,178,21192,7895,4366,7895,5178,1844,997,776
9,Colima,2010,290,112,213,93,20616,14008,10313,8044,6338,5267,3285,3027,591,188,248,188,17539,9206,6217,9206,4432,2461,1508,1013
10,Durango,2010,485,163,270,131,29490,17155,12827,10778,13042,8130,5567,5063,1184,221,369,221,47484,15724,14246,15724,16520,4838,5071,2619
11,Guanajuato,2010,3061,1197,1777,816,152890,90074,62204,45373,88574,56286,35591,27867,3097,1053,1186,1053,148556,65628,40326,65628,82801,38148,21044,14650
12,Guerrero,2010,2334,778,1161,484,200910,110101,78530,49956,70571,42863,29262,20424,3364,583,1024,583,138338,41802,38707,41802,28730,9324,7729,3598
13,Hidalgo,2010,1161,514,550,265,88542,57785,31764,23521,29974,23786,10816,9640,1957,526,580,526,76192,34814,18322,34814,14622,6978,3032,2347
14,Jalisco,2010,2295,989,1439,797,139218,98941,66585,57679,48190,35940,22086,21182,3465,689,1317,689,109695,47410,35678,47410,27147,11838,8765,5210
15,Mexico,2010,8401,4499,4823,2485,309259,171704,139349,78713,104833,66050,48198,29530,5975,1042,2026,1042,144765,33483,45284,33483,23947,6430,8440,2485
16,Michoacan,2010,1345,697,772,430,88264,59276,36241,28671,28162,21492,11311,10519,1748,381,679,381,57821,19769,19131,19769,7046,3645,2175,1491
17,Morelos,2010,1179,430,611,235,72444,37053,31799,17931,24231,13913,11148,7327,845,168,293,168,32258,10927,9483,10927,5055,1975,1514,807
18,Nayarit,2010,413,165,265,140,31607,20469,14385,13275,8198,6140,3838,4112,1533,387,547,387,15936,6005,5415,6005,2240,1037,879,609
19,Nuevo Leon,2010,1236,341,664,248,78606,48363,32055,23209,47289,29619,18475,13637,1803,466,616,466,34899,12830,12493,12830,20559,7067,6586,3474
20,Oaxaca,2010,2061,677,1127,419,129326,63058,50642,29528,40846,21457,16545,10342,1756,172,595,172,57816,10936,15150,10936,5577,773,1537,288
21,Puebla,2010,1538,635,819,308,155830,92950,61872,40430,65498,41896,27413,19278,1427,354,474,354,56798,18165,17167,18165,15231,4113,4445,1565
22,Queretaro,2010,1075,390,704,218,61837,32639,29027,13959,24503,13846,9893,5365,973,257,375,257,47247,18447,13527,18447,9502,4139,2426,1341
23,Quintana Roo,2010,472,133,266,77,35928,15266,12396,7202,13562,6185,4622,3042,1317,139,631,139,30331,8224,8940,8224,12431,3593,3282,1403
24,San Luis Potosi,2010,1528,628,959,407,111132,59074,43926,27982,50492,30052,18817,14045,3714,894,1463,894,114169,36172,38804,36172,34992,12347,12241,5244
25,Sinaloa,2010,1842,931,1036,637,88772,58324,48959,38644,25679,15233,11029,9610,3264,1901,886,1901,129351,21988,36611,21988,22102,3469,4801,1707
26,Sonora,2010,1253,433,655,263,45005,23502,17474,13790,18498,10581,7046,5661,2263,373,787,373,42311,12454,11825,12454,12517,4926,3545,1940
27,Tabasco,2010,1388,323,693,219,143021,54537,56922,27707,76322,29175,29332,14399,2310,293,997,293,58153,13929,21477,13929,21812,5072,7227,2257
28,Tamaulipas,2010,1856,738,898,391,80380,42558,30614,22527,29981,17852,11856,9899,1874,389,637,389,51976,19505,17233,19505,18045,6653,5734,3218
29,Tlaxcala,2010,646,233,336,177,54292,34874,27387,20028,25366,17353,11790,9652,2376,471,969,471,57991,22560,22898,22560,16693,8001,7259,3768
30,Veracruz,2010,3666,1198,1787,740,316325,157661,102902,64419,82838,50014,31293,20803,2187,751,812,751,133626,43229,36987,43229,13299,5102,3890,2174
31,Yucatan,2010,661,198,360,140,71661,37673,22520,14397,26818,16466,8958,6462,2295,526,834,526,72316,20512,20791,20512,19323,6588,4984,2816
32,Zacatecas,2010,595,267,342,201,52295,36459,21236,18784,23831,18287,9762,9577,1446,432,476,432,79381,37387,23169,37387,21979,10884,6981,4693
1,Aguascalientes,2011,733,219,458,143,26292,11960,11550,6353,9636,5158,4141,2716,786,205,293,205,29189,10731,7202,10731,6951,2883,2032,1391
2,Baja California,2011,1951,699,1284,554,37531,17909,20473,12717,11543,5970,6364,4544,1582,324,533,324,26405,9414,8012,9414,6170,2022,1790,1041
3,Baja California Sur,2011,347,49,265,51,14057,5459,8614,4234,3993,1582,2309,1211,429,67,201,67,24981,5362,7807,5362,5342,1668,1588,983
4,Campeche,2011,595,134,303,96,36157,15062,12196,7733,15044,6505,4863,3428,1238,162,456,162,30029,7146,8740,7146,7769,1454,2612,1031
5,Chiapas,2011,2401,927,1062,463,105233,46668,32969,20070,32138,15829,10554,6791,2649,285,743,285,72702,11021,22137,11021,9490,1255,2621,558
6,Chihuahua,2011,1782,727,1088,501,81643,47953,40035,26520,34745,22265,16121,11900,2507,628,948,628,82773,33350,26323,33350,18772,8657,6128,4531
7,Ciudad De Mexico,2011,4061,2335,3092,1469,185209,118404,93570,56842,73438,52205,37761,23932,4590,959,1638,959,114577,37996,36806,37996,26996,8675,9642,3093
8,Coahuila,2011,387,116,165,74,24463,13229,6895,5840,8250,4658,2237,2020,927,97,257,97,23980,8335,4722,8335,6065,1913,1032,869
9,Colima,2011,351,118,233,100,24569,15200,11849,8843,8393,6409,3779,3726,555,149,203,149,20813,10692,7331,10692,7188,3995,2173,1590
10,Durango,2011,561,154,317,134,31665,17421,14265,11190,15127,8863,6809,5630,1247,166,339,166,47818,14060,14646,14060,20301,6340,6479,3328
11,Guanajuato,2011,3147,1299,1835,876,154254,91361,67355,48457,97813,61659,41382,31106,2574,887,1010,887,141113,65713,40515,65713,89771,43213,24785,17012
12,Guerrero,2011,2213,772,1129,493,209586,114706,82930,53361,71171,43952,30187,20606,2799,607,925,607,153528,43876,44736,43876,30444,10519,9112,3872
13,Hidalgo,2011,1365,741,692,352,94092,63247,34863,25514,33191,26870,12670,10894,1809,496,512,496,84231,37567,19900,37567,17321,7920,3469,2734
14,Jalisco,2011,2384,1076,1571,801,147431,102429,72681,61905,59646,43064,28302,25879,2948,860,1012,860,134347,57876,44167,57876,39464,18515,13436,8017
15,Mexico,2011,8835,4293,5440,2656,355159,196907,169173,102676,121709,75864,57697,35431,5460,996,2095,996,161391,42604,51408,42604,28722,9188,10376,3322
16,Michoacan,2011,1651,769,870,492,89114,58330,36349,28828,28322,21344,11731,10600,2072,437,705,437,66323,22836,23024,22836,9373,4834,3060,2309
17,Morelos,2011,1192,425,784,285,77913,40241,35276,19643,26212,16012,12502,8235,771,145,298,145,30316,9430,9420,9430,6676,2431,2097,985
18,Nayarit,2011,439,162,286,124,33564,21004,15094,13104,9229,6724,4175,3981,786,191,260,191,21397,6593,13350,6593,2565,1336,833,719
19,Nuevo Leon,2011,1529,355,866,318,84723,50552,36661,24836,51313,31149,21346,14736,1816,401,772,401,41778,14946,14165,14946,24201,8357,7828,4158
20,Oaxaca,2011,2124,650,1045,434,146654,72860,58298,34159,47362,25971,19490,12239,1862,352,600,352,75130,16738,20963,16738,7868,1544,2188,708
21,Puebla,2011,2058,846,1084,412,171367,104191,69259,44588,73863,49276,31853,22323,1759,379,693,379,64740,21990,20713,21990,15882,4288,4361,1908
22,Queretaro,2011,826,336,588,209,66886,36360,32857,15780,24494,13884,10385,5778,825,204,277,204,51994,21134,15316,21134,10626,4591,2685,1675
23,Quintana Roo,2011,841,209,507,154,40450,17036,14205,8113,14734,7076,5392,3289,1497,193,503,193,32373,9205,9613,9205,10495,3107,2805,1333
24,San Luis Potosi,2011,1645,698,885,434,117869,64629,46987,30799,59243,35725,22861,16773,2827,524,1163,524,132755,41008,47557,41008,50919,17949,19532,7673
25,Sinaloa,2011,2510,1133,1378,843,105920,75500,55256,45815,30443,20674,12006,12026,8090,3633,2078,3633,153419,31793,42713,31793,19248,4489,3794,2059
26,Sonora,2011,1410,433,727,353,54487,28974,22049,17035,21298,11757,7607,6371,2336,455,856,455,52341,14085,14179,14085,12874,4500,3176,2249
27,Tabasco,2011,1584,367,784,192,145605,56694,58408,28067,78036,29705,30355,14507,1913,229,715,229,63916,16429,26459,16429,22941,6186,9162,2938
28,Tamaulipas,2011,2118,768,1151,541,95410,49178,39120,26397,42450,23581,16752,12338,2375,517,787,517,69088,24559,23006,24559,28463,9534,9201,4716
29,Tlaxcala,2011,592,226,326,131,58153,36491,29209,20418,28631,19531,13928,10547,1055,173,450,173,70192,25829,28971,25829,29036,12160,12850,6006
30,Veracruz,2011,4050,1327,1904,771,319299,164383,105770,68320,88445,53393,33293,23616,2020,647,718,647,126322,44630,35727,44630,13698,5509,4427,2320
31,Yucatan,2011,571,140,307,99,78571,40077,24348,15479,27359,17825,9762,6984,1929,441,743,441,83629,24897,25554,24897,21478,7963,6054,3624
32,Zacatecas,2011,781,328,427,257,53190,37492,23220,20110,24343,18959,10453,9840,1183,324,451,324,84134,37491,23411,37491,21993,11284,6966,4602
1,Aguascalientes,2012,608,223,389,163,29569,13583,14262,7523,10159,5440,4458,2481,775,160,262,160,33544,12191,9004,12191,8672,3473,2537,1350
2,Baja California,2012,1646,572,1427,500,40154,17387,22574,13366,12674,5945,7178,4540,1870,283,664,283,30554,9582,9870,9582,8078,2438,2655,1355
3,Baja California Sur,2012,385,60,307,65,14111,5548,8895,4474,4691,2061,2563,1615,417,61,166,61,18220,4849,6187,4849,4717,1638,1378,840
4,Campeche,2012,535,118,232,71,38431,16208,13258,7703,15194,6477,5397,3252,603,93,282,93,28463,7561,9375,7561,6561,1782,2573,1084
5,Chiapas,2012,2856,1113,1111,578,117677,53336,38226,23138,36893,18786,12823,7918,1773,260,606,260,76513,12696,21282,12696,10433,1450,2600,718
6,Chihuahua,2012,1765,701,1103,554,97868,55679,47880,31264,40950,25670,20082,14599,2343,551,891,551,102070,39879,32597,39879,24067,10295,7850,5870
7,Ciudad De Mexico,2012,6633,4043,5082,2361,206542,130977,105976,65660,80362,59826,42648,27961,4539,891,1758,891,140060,48833,47750,48833,27455,11980,11694,4853
8,Coahuila,2012,398,165,195,83,24451,13899,6928,6037,9418,5535,2688,2649,636,151,267,151,21333,7837,4360,7837,5506,2035,1216,831
9,Colima,2012,468,124,269,123,28094,16933,14180,10328,9640,7243,4633,4683,455,86,213,86,23107,11786,9038,11786,8230,4967,3081,2281
10,Durango,2012,492,156,291,147,36552,20755,16515,12511,14593,8844,6737,5520,1308,241,423,241,50797,14685,14798,14685,14920,4738,4649,2489
11,Guanajuato,2012,2789,1076,1664,751,180163,106573,84908,60782,109577,69314,50868,38051,2414,827,956,827,164636,79791,49010,79791,98562,49576,28784,19360
12,Guerrero,2012,2308,846,1342,537,218006,119573,87848,55414,80158,48684,34116,22805,2859,545,1133,545,162952,46007,50002,46007,34943,11399,9839,4542
13,Hidalgo,2012,1604,888,760,463,102955,68856,38456,29000,36184,29251,13251,12473,1851,428,563,428,86946,39569,22850,39569,18384,8942,4231,3146
14,Jalisco,2012,2284,1038,1386,835,155175,108129,77714,66509,60417,45377,29775,27299,2168,579,839,579,136857,62181,45324,62181,41057,19996,13462,8273
15,Mexico,2012,9809,4532,5686,2699,400671,222947,197007,113137,138054,87059,65149,40580,7306,1367,3100,1367,200994,55926,66217,55926,42184,13357,14696,4675
16,Michoacan,2012,1584,722,828,485,95062,62328,40044,31486,30179,21837,12735,11451,1941,389,717,389,76142,28345,24518,28345,11868,5158,3867,2406
17,Morelos,2012,989,393,608,251,83897,41658,37912,21949,26299,16260,13071,8763,650,185,239,185,43681,11035,10581,11035,6750,2797,2446,1092
18,Nayarit,2012,385,165,237,126,33518,21361,15718,13517,10099,7234,4808,4237,601,233,292,233,22272,9497,7255,9497,3224,1464,1217,819
19,Nuevo Leon,2012,1500,361,857,271,92554,53865,41104,27483,55640,32805,23853,15632,1929,416,660,416,50155,17919,17537,17919,26855,9108,9043,4223
20,Oaxaca,2012,2114,667,1068,416,159407,79946,64970,38084,53546,29741,22581,13795,1678,328,626,328,84197,20858,24628,20858,9404,2428,2690,844
21,Puebla,2012,2519,905,1246,467,188872,119622,77676,50610,81922,55898,34978,25221,2530,922,1092,922,76294,30261,25996,30261,18488,5783,4982,2495
22,Queretaro,2012,1021,349,655,220,73304,41194,36950,18117,30402,17803,13503,7226,1129,382,398,382,59946,25528,18524,25528,14918,6937,4061,2228
23,Quintana Roo,2012,745,185,446,134,44812,18637,15718,9007,14688,6982,5157,3180,779,121,344,121,36371,10192,11080,10192,9789,3071,2835,1476
24,San Luis Potosi,2012,1673,610,949,426,133244,72630,53657,35979,67799,40444,27069,19383,2025,296,789,296,133647,40804,49324,40804,57643,18587,21983,7901
25,Sinaloa,2012,2791,1291,1613,918,89245,59406,45477,40010,32181,22164,14701,13692,27554,3657,8951,3657,337014,54313,101705,54313,49596,9201,11263,4614
26,Sonora,2012,1405,412,680,313,62700,34086,25468,19975,25042,13283,8730,7285,2330,463,719,463,57296,16906,15716,16906,14586,4889,3747,2300
27,Tabasco,2012,1624,370,777,201,155000,61578,59669,29169,79057,30027,29462,14710,1909,303,874,303,72654,17729,29845,17729,24207,6270,10062,3100
28,Tamaulipas,2012,2209,799,1159,461,119685,60772,52338,34025,68259,35947,28876,19614,4392,793,1686,793,103646,38801,36232,38801,54934,18221,17824,9578
29,Tlaxcala,2012,614,180,362,109,63239,39438,31700,21356,31130,21614,15096,11689,563,113,292,113,71565,25805,28484,25805,27828,11511,12091,5480
30,Veracruz,2012,3986,1246,1697,678,334334,175665,109069,72334,95925,59341,33793,24845,2050,814,657,814,132606,49656,38007,49656,14981,6826,4821,2803
31,Yucatan,2012,503,132,259,102,75178,40173,25573,15733,28015,17645,10008,7144,1081,279,443,279,78960,26180,25595,26180,21272,7537,6005,3755
32,Zacatecas,2012,860,385,460,267,61869,44854,27681,24874,26322,20232,10873,11025,1452,402,496,402,86587,39970,25189,39970,23277,12496,7597,5250
1,Aguascalientes,2013,570,203,360,102,31920,15133,16102,8364,11381,6299,5399,3191,1234,241,422,241,37248,12884,10630,12884,8914,4074,2744,1504
2,Baja California,2013,1572,589,1091,476,56527,26948,35930,19470,18355,9815,10888,6916,1704,314,657,314,46003,13412,15174,13412,12447,4075,3953,1858
3,Baja California Sur,2013,344,52,248,67,14145,5471,9132,4531,5293,2531,3095,1770,592,81,256,81,19515,5768,7053,5768,5439,2116,1892,1262
4,Campeche,2013,439,140,235,78,38982,15978,13586,7418,16397,6947,5657,3457,479,100,228,100,26765,9484,10108,9484,8908,2764,3770,1587
5,Chiapas,2013,2853,1056,1200,585,127276,62518,42771,25513,42183,21402,14679,8661,2077,351,714,351,79488,15767,22775,15767,13854,2744,4065,1133
6,Chihuahua,2013,1679,672,1044,534,100919,57878,48716,33462,41766,26093,19523,15080,2129,648,730,648,113464,40933,32808,40933,29945,11149,8868,5470
7,Ciudad De Mexico,2013,4214,2125,3147,1368,224750,139980,117622,70359,87446,65271,46944,30520,5608,1020,1965,1020,183690,57876,58455,57876,35667,16237,14993,6610
8,Coahuila,2013,426,187,210,91,22531,13219,7260,5953,8467,5580,2950,2630,855,243,311,243,18882,7612,4146,7612,5462,2018,1232,814
9,Colima,2013,270,98,208,92,28640,18445,15363,11100,10243,8249,5412,5080,508,98,217,98,25396,13928,9780,13928,8895,5789,3294,2700
10,Durango,2013,330,168,203,125,39345,23159,17816,14468,18906,11737,8513,7112,1062,197,336,197,51775,17867,16309,17867,19405,6950,6634,3359
11,Guanajuato,2013,2365,904,1474,732,192169,117048,95619,69497,114344,76156,55132,43106,1840,634,755,634,170791,83571,51062,83571,102963,54084,29912,20663
12,Guerrero,2013,2568,799,1305,648,228330,125942,96112,58694,85703,52904,36983,23863,3031,539,1024,539,172715,49873,53388,49873,43331,14230,12477,5836
13,Hidalgo,2013,1765,953,765,509,108576,74513,40523,32153,38161,32198,15063,14411,1882,539,513,539,86785,40984,22422,40984,20172,10236,4413,3529
14,Jalisco,2013,2303,898,1522,827,159975,111356,83913,71233,64821,50328,31549,29506,2012,638,657,638,138431,68295,45313,68295,43350,23095,14433,9151
15,Mexico,2013,8802,4030,5280,2546,444409,252048,222511,133634,158284,101162,72432,48775,7548,1339,2969,1339,244996,74121,81354,74121,52166,19029,19444,6411
16,Michoacan,2013,1497,598,815,426,100327,63355,40897,33466,32801,23375,13899,11812,1714,391,602,391,76331,30080,27531,30080,14424,6068,4961,2595
17,Morelos,2013,1130,433,720,327,89044,46531,41996,24637,27576,18400,14138,9668,794,144,296,144,36153,12085,11633,12085,8245,3460,2765,1428
18,Nayarit,2013,370,128,238,129,36454,23075,16619,14737,10665,7939,4946,4616,485,135,212,135,23170,10327,8227,10327,4089,1969,1702,1117
19,Nuevo Leon,2013,1371,400,829,250,106483,60596,49655,31076,64795,37104,28884,18027,1810,382,685,382,63881,23048,22679,23048,34958,11654,11805,5374
20,Oaxaca,2013,2161,707,1175,440,170855,88362,70364,41653,59661,34267,24778,15946,2114,313,655,313,92676,24154,27495,24154,13013,4568,3725,1604
21,Puebla,2013,2716,1065,1380,559,217475,137227,89716,58037,95545,65379,41812,29249,4590,1172,1604,1172,109647,41524,37299,41524,28771,9298,8938,3613
22,Queretaro,2013,962,336,591,243,76328,43676,38186,19334,32614,19895,14640,8137,882,295,373,295,64353,29204,21017,29204,19449,9771,6081,3616
23,Quintana Roo,2013,681,187,396,131,47810,22034,17563,10561,14722,7033,5410,3511,850,225,340,225,37319,12093,11112,12093,10459,3490,3062,1711
24,San Luis Potosi,2013,1367,405,733,305,135970,76821,58309,40016,66210,40488,28152,20862,1972,458,781,458,126016,46173,45300,46173,46855,18606,18220,8520
25,Sinaloa,2013,2464,1116,1456,813,84095,55573,43585,37637,32877,22343,14632,13901,19928,2729,6730,2729,449250,69797,146526,69797,59786,11789,14947,5953
26,Sonora,2013,1153,381,669,299,58546,33752,24745,18883,22677,13350,8553,7210,2802,402,884,402,59167,18866,15787,18866,14599,5357,3747,2410
27,Tabasco,2013,1518,332,740,210,162988,68431,63256,31885,80081,32832,29986,15270,1839,187,653,187,85930,20666,33772,20666,27293,7077,11070,3816
28,Tamaulipas,2013,1705,741,1022,562,136233,71075,64612,44171,84465,46073,41031,27499,1921,534,830,534,121163,52200,45987,52200,71577,27262,25187,15418
29,Tlaxcala,2013,565,192,362,130,62365,39758,30851,22053,31481,22072,15003,11846,697,263,336,263,60569,24146,25311,24146,24304,10802,10783,4884
30,Veracruz,2013,3167,1071,1583,618,340040,193723,113642,74715,98346,61083,35332,25182,3194,702,973,702,135772,53311,39451,53311,20416,9373,6137,3600
31,Yucatan,2013,467,147,219,90,75670,42228,26874,16319,31110,19274,11410,7683,881,218,465,218,81197,27323,28494,27323,23666,9092,8398,4107
32,Zacatecas,2013,655,249,423,208,63957,45762,29455,25379,27758,21758,12375,11817,1143,358,481,358,87738,41770,26594,41770,25818,14121,8860,6760
1,Aguascalientes,2014,580,200,364,112,35649,16167,17481,8819,12267,6234,5880,3260,890,282,389,282,44619,14801,13758,14801,8917,3832,2730,1577
2,Baja California,2014,1514,600,1027,538,55420,28895,35384,21391,18119,10605,11215,7842,1214,209,372,209,43929,12344,14047,12344,11824,3598,3510,1743
3,Baja California Sur,2014,323,66,258,58,16207,5960,10042,5148,5808,2442,3332,1870,547,49,215,49,19817,5504,7140,5504,4920,1946,1926,1085
4,Campeche,2014,348,88,185,54,38703,16372,13604,8146,16724,7034,5791,3482,544,91,293,91,26776,9159,11218,9159,9093,3243,3853,1548
5,Chiapas,2014,2852,1060,1277,589,132519,59524,43903,27731,42239,21278,14931,9232,1866,268,684,268,78080,15264,21026,15264,15060,2974,3585,1264
6,Chihuahua,2014,1427,564,908,475,99308,56669,49155,35068,42754,27363,20525,16103,2060,483,738,483,111532,39739,32504,39739,31462,11698,9114,5308
7,Ciudad De Mexico,2014,4501,2213,4125,1752,252976,155858,135810,79470,95615,68973,52062,34449,4594,872,1621,872,201473,69413,69490,69413,42351,19629,17424,7240
8,Coahuila,2014,395,184,160,86,21423,12774,7219,6145,6914,4576,2529,2470,570,171,218,171,19216,8369,4619,8369,4580,2121,1103,879
9,Colima,2014,380,130,213,79,25843,17552,13273,10959,9768,7984,4811,4770,372,110,153,110,20927,11892,7826,11892,6914,4578,2612,2483
10,Durango,2014,354,133,219,120,37405,21110,17723,13983,16996,10440,7797,6579,820,153,248,153,50289,16607,14374,16607,16412,5939,5177,2634
11,Guanajuato,2014,2467,908,1456,653,191562,116912,96018,70063,117055,78692,57103,45317,1993,563,785,563,171214,83514,51378,83514,105437,55097,30886,21918
12,Guerrero,2014,3018,1005,1409,677,240872,132416,96690,62718,91319,56355,37599,25045,4507,702,1257,702,191047,53563,55973,53563,48710,15911,13493,5989
13,Hidalgo,2014,1531,877,734,490,105676,77595,40607,32466,37708,33830,14739,14541,1822,380,584,380,81219,40230,20514,40230,21806,12300,4829,3913
14,Jalisco,2014,2318,1002,1424,792,156177,107953,81779,70294,65138,49140,32263,29903,2328,830,815,830,134703,62877,43618,62877,42749,22480,13845,9200
15,Mexico,2014,8898,4706,5230,3010,475591,269467,239401,139336,170374,104291,77094,51641,6170,1235,2359,1235,260600,78538,87310,78538,59329,21630,23114,7721
16,Michoacan,2014,1763,709,930,519,103000,62288,41803,34025,33664,24654,14705,12431,2014,354,681,354,85203,30821,27620,30821,17403,7446,5480,2945
17,Morelos,2014,1567,525,828,371,95245,49866,45459,28602,34397,21325,16614,12119,1072,140,445,140,38397,12921,12247,12921,8953,3511,2708,1489
18,Nayarit,2014,473,164,281,136,35292,24304,15977,15071,11699,8965,5410,5354,680,194,280,194,27493,12213,8917,12213,5902,2580,1982,1398
19,Nuevo Leon,2014,1643,429,878,319,121827,67072,55573,34828,74131,41329,32595,20484,2247,408,940,408,79104,29388,28375,29388,44927,15819,15089,6200
20,Oaxaca,2014,2107,748,1097,447,185125,98282,79958,46050,67055,40132,27875,18678,1764,311,617,311,101767,24867,29652,24867,14740,4438,4247,1616
21,Puebla,2014,3120,1188,1532,731,244490,153444,100817,66712,118938,78854,51269,34596,3354,973,1229,973,142002,54984,49047,54984,41513,15688,15471,5887
22,Queretaro,2014,1095,415,577,230,82695,47046,40972,21769,36060,21366,15155,9215,1043,238,406,238,71961,31359,22523,31359,22692,10605,6734,3985
23,Quintana Roo,2014,551,119,310,100,49625,21318,17936,10482,17222,7922,6144,4041,768,100,315,100,43043,13602,12489,13602,13045,4344,3731,1888
24,San Luis Potosi,2014,1258,344,713,275,134731,77327,60340,42483,60225,38707,26061,20767,1717,307,593,307,118873,45104,39432,45104,41627,17192,13733,8137
25,Sinaloa,2014,2496,1184,1416,987,82652,55706,43071,38133,32697,23286,14045,14456,17422,2271,5975,2271,535836,81474,182782,81474,67067,13558,17452,6852
26,Sonora,2014,1194,352,547,286,56584,32274,24358,18343,22450,12916,9290,7385,3012,466,870,466,64616,19537,17841,19537,17153,5497,4206,2635
27,Tabasco,2014,1454,305,672,210,165086,67096,61131,32133,81581,34794,29798,15021,1455,170,638,170,83054,20132,32173,20132,26239,7536,10324,3643
28,Tamaulipas,2014,1989,712,1112,530,148103,77375,70857,47291,92658,50836,44006,29622,1617,379,643,379,120534,52545,46227,52545,68280,27978,25794,17096
29,Tlaxcala,2014,582,164,323,141,64123,42658,30663,22674,37403,25623,17190,13270,438,120,299,120,51625,22611,23303,22611,21655,10507,9683,4580
30,Veracruz,2014,3940,1222,1637,703,333498,181166,110635,73122,94797,58889,33765,24825,2346,531,701,531,141648,54030,37130,54030,21644,9332,6641,3625
31,Yucatan,2014,571,168,292,117,74674,41968,26965,17700,32207,20219,11998,8422,947,186,352,186,72561,24463,26382,24463,21950,9019,7677,4297
32,Zacatecas,2014,723,307,406,256,63979,46396,29995,25514,27810,22809,12807,12012,1211,361,450,361,86086,40363,26282,40363,26739,14227,9298,6597
1,Aguascalientes,2015,732,322,404,185,43869,23151,19733,11199,14269,8976,6012,3798,804,304,385,304,44518,17601,12843,17601,7540,3980,2135,1209
2,Baja California,2015,1784,677,1103,527,91968,51228,49178,32475,28430,17874,14905,11284,1754,427,676,427,83041,33722,28237,33722,16364,7230,5417,3482
3,Baja California Sur,2015,426,55,278,73,22584,8726,12332,6546,7298,3085,3443,2263,515,42,201,42,25710,8090,8718,8090,4802,1971,1688,939
4,Campeche,2015,406,103,192,72,39766,18332,13333,8262,15186,7792,5193,3499,426,76,189,76,27623,9139,10242,9139,7339,2594,2738,1210
5,Chiapas,2015,2506,920,994,473,153524,73558,47332,36305,42826,22202,13294,8638,1421,292,431,292,75583,22455,18757,22455,9800,3207,2195,1174
6,Chihuahua,2015,1512,604,841,437,100602,57402,50281,36501,43769,28351,21251,18097,2142,540,829,540,111576,40721,31433,40721,28242,11329,7462,5313
7,Ciudad De Mexico,2015,3707,2137,3343,1542,241785,158372,132701,80891,87419,68561,48231,34096,4323,860,1454,860,188463,73747,66145,73747,41531,20017,17293,7149
8,Coahuila,2015,399,148,168,97,22497,13019,7020,5952,7065,5034,2501,2331,441,97,96,97,18745,8030,4057,8030,3691,1931,1039,724
9,Colima,2015,280,99,180,82,22652,16198,11861,9957,9601,8011,4485,4875,360,100,183,100,18315,9598,6758,9598,4749,3050,1928,1270
10,Durango,2015,497,170,241,140,35996,20694,16345,14124,16074,9953,7076,6726,705,126,205,126,50343,15092,14135,15092,15162,4300,3496,1942
11,Guanajuato,2015,3031,997,1529,843,378075,287960,161551,143475,209651,180466,89106,88211,2761,907,1084,907,394070,257158,122030,257158,186960,136797,57767,51318
12,Guerrero,2015,2365,823,1246,568,253583,146902,98271,67473,86763,56455,33694,25156,2305,469,836,469,203983,60872,53511,60872,40105,14355,10567,5257
13,Hidalgo,2015,1438,787,616,420,125312,98586,45497,39086,41777,40066,15472,15415,1335,410,475,410,90125,51552,22750,51552,19786,13822,5159,4384
14,Jalisco,2015,2500,1196,1405,915,174223,126125,88845,77467,74213,57299,35964,34320,2612,845,904,845,153038,77388,47743,77388,40779,22454,13527,9332
15,Mexico,2015,10186,5201,5485,3115,520471,313434,255698,156282,193827,124805,88260,60584,8550,1852,3047,1852,269172,98687,93060,98687,63003,25941,24469,10761
16,Michoacan,2015,1815,792,811,465,121892,84479,48066,40357,40663,32447,16651,15520,2583,592,706,592,101488,50962,28641,50962,17967,10599,5447,3739
17,Morelos,2015,1448,570,790,388,108517,59462,52851,32379,40699,25812,19529,13988,685,102,344,102,38755,15232,13297,15232,9409,3972,3380,1799
18,Nayarit,2015,471,163,245,142,38034,27129,16480,16154,12550,9832,5456,5791,688,150,253,150,31194,14483,10124,14483,6648,3363,2340,1565
19,Nuevo Leon,2015,1585,422,746,259,126594,71609,55419,37013,74539,41804,30685,20439,1450,415,646,415,85745,34088,30647,34088,44596,15596,14740,6107
20,Oaxaca,2015,1523,435,789,330,173079,95344,72638,46054,58696,37707,23749,17741,1169,165,348,165,82188,23153,24565,23153,10852,3550,3408,1520
21,Puebla,2015,2780,1087,1501,675,279149,181983,115677,80440,142078,95000,57574,41869,2923,969,1180,969,152335,67997,47592,67997,49531,23896,15465,8635
22,Queretaro,2015,976,347,582,239,97326,58386,44842,25983,40075,25354,15994,10532,899,262,352,262,83008,39590,24296,39590,19552,10095,6156,3694
23,Quintana Roo,2015,700,185,422,148,62030,27810,21614,12593,19557,9363,6813,4529,1170,200,459,200,52507,15857,14449,15857,13897,4188,3441,1379
24,San Luis Potosi,2015,1495,384,810,319,132544,84343,56481,42896,58021,39438,23663,19274,1714,453,480,453,106340,45077,30798,45077,30257,13559,8999,5441
25,Sinaloa,2015,1559,832,780,581,92606,58897,43641,38367,28132,20706,11303,12257,8241,1379,2658,1379,490389,78920,167795,78920,47125,12565,12652,6058
26,Sonora,2015,1248,355,463,261,60852,33575,25270,19522,28397,15455,11457,9196,2983,443,876,443,75220,22968,21221,22968,21004,6675,5349,2778
27,Tabasco,2015,1409,326,697,224,176372,76063,62546,35408,85024,37540,29626,17208,1166,304,541,304,85293,22706,29147,22706,23821,6327,8989,2850
28,Tamaulipas,2015,1696,721,951,489,157236,80493,72267,48980,91701,52043,44529,30518,1400,225,405,225,108225,45815,38556,45815,59646,25775,20668,13558
29,Tlaxcala,2015,570,186,338,128,71791,48876,31654,24541,37980,27343,16665,13171,526,107,281,107,47792,23396,18454,23396,17221,9507,6295,3768
30,Veracruz,2015,1109,414,481,249,113890,64004,38519,28872,36345,23682,13209,10977,878,250,284,250,46696,18386,11849,18386,7913,3454,2455,1487
31,Yucatan,2015,632,166,323,132,80146,46861,28488,20246,32721,21690,11703,9128,920,208,411,208,71174,27795,23147,27795,17725,7409,6066,3270
32,Zacatecas,2015,629,260,332,243,67613,49693,30729,28264,28939,23829,13472,12894,1276,299,429,299,92525,43903,28011,43903,24310,13853,8430,5782
1,Aguascalientes,2016,320,122,165,64,30953,19907,10557,7728,11604,9271,3628,3533,320,91,109,91,29830,15050,6789,15050,4563,3341,1071,840
2,Baja California,2016,1159,547,623,360,36401,21586,15118,12415,8939,6770,3705,3975,1086,355,382,355,35950,14972,9912,14972,4990,3047,1376,1279
3,Baja California Sur,2016,571,163,355,110,17101,7731,7860,4653,2700,1366,1352,923,562,114,267,114,17210,6552,5433,6552,2594,1558,771,459
4,Campeche,2016,474,180,257,129,35260,19902,9930,8473,5701,4382,1931,2180,614,180,237,180,31184,14079,7643,14079,5923,3511,1341,1313
5,Chiapas,2016,1309,577,480,276,79715,41581,19884,15228,15866,11207,4817,4444,731,207,166,207,41595,15054,7529,15054,6681,3335,1211,954
6,Chihuahua,2016,1465,682,786,453,72827,51227,28597,26158,13966,12198,5523,6146,1466,478,538,478,66300,34960,17649,34960,8975,6504,1958,2439
7,Ciudad De Mexico,2016,2693,1909,3095,1488,74519,67479,34320,29571,23452,24736,11776,11197,2114,868,773,868,47305,33109,14672,33109,6472,6153,1985,1707
8,Coahuila,2016,105,50,27,24,11729,7226,3059,2619,3549,2885,934,1075,83,32,21,32,9271,4341,1668,4341,1222,915,230,278
9,Colima,2016,374,154,238,120,23504,17900,8952,8770,6646,6269,2200,3116,452,111,190,111,22293,13785,6218,13785,4012,3232,1100,1128
10,Durango,2016,303,110,129,72,24737,14067,10189,8496,9364,6057,3764,3518,273,64,87,64,24400,10591,6082,10591,5775,2506,1398,911
11,Guanajuato,2016,2205,1071,1256,714,276068,216970,96506,97932,78785,76910,28780,35214,2268,907,895,907,283264,193137,73150,193137,51398,46330,14122,14440
12,Guerrero,2016,1260,496,567,304,130304,78271,38906,30351,31186,25623,10272,10707,1001,214,293,214,99371,34889,22305,34889,18330,8057,4272,2770
13,Hidalgo,2016,1122,580,586,304,108762,83138,34482,31335,32859,32250,10798,12101,891,348,266,348,47977,28004,11326,28004,9852,8181,2446,2150
14,Jalisco,2016,1661,950,922,645,130561,119131,51564,61476,46183,50150,17805,25597,1900,731,683,731,125975,88236,35838,88236,21211,19473,5986,7515
15,Mexico,2016,4799,2767,2507,1428,264192,207757,96111,81421,63866,58826,23424,23188,3182,1478,982,1478,150831,98273,36230,98273,25609,23265,5456,5659
16,Michoacan,2016,885,429,425,279,50760,39215,16439,15964,13953,13579,4731,5824,1107,313,359,313,48085,28196,11360,28196,7396,6284,1754,1839
17,Morelos,2016,1230,706,756,400,55704,39692,22022,17043,13716,12445,5474,5624,712,284,269,284,26322,14887,7129,14887,4198,3396,1114,990
18,Nayarit,2016,748,504,308,295,24634,22053,8219,11269,8229,9442,2956,4827,609,228,196,228,19429,11358,4895,11358,3118,2543,732,1145
19,Nuevo Leon,2016,871,416,442,205,46068,30608,15942,12315,15988,12575,5560,5008,815,332,282,332,29367,14554,7448,14554,4416,2830,1100,830
20,Oaxaca,2016,504,206,245,105,62723,44425,20369,17319,14420,13813,5363,5828,503,130,162,130,38946,19474,9105,19474,7044,4577,1653,1422
21,Puebla,2016,1422,767,658,360,171194,120977,57358,48271,54210,49823,20371,20877,942,430,326,430,83749,43150,20670,43150,16012,9587,4053,2986
22,Queretaro,2016,763,311,348,184,72241,50688,21911,17344,21373,19060,6814,7091,605,222,180,222,57385,32847,11719,32847,10097,7378,1869,2089
23,Quintana Roo,2016,1121,434,485,206,51340,24712,15415,10223,13998,8562,4552,3760,1222,278,373,278,45888,14594,10895,14594,7351,3106,1882,1260
24,San Luis Potosi,2016,1217,590,619,312,95657,58334,33277,26335,26811,20120,9744,9251,1485,410,484,410,76392,31889,20225,31889,12210,6590,3298,2130
25,Sinaloa,2016,293,144,134,77,29919,20547,10560,10168,11808,9183,4309,4796,242,114,82,114,24376,11215,6525,11215,3918,2470,1052,925
26,Sonora,2016,871,423,414,242,31657,19641,10365,8748,8801,6628,3194,2955,1369,369,398,369,30534,12106,7862,12106,4368,2430,1033,856
27,Tabasco,2016,859,351,336,184,68777,35701,18883,13544,17602,12706,5123,5386,707,214,193,214,41450,16409,9345,16409,6632,3289,1490,1168
28,Tamaulipas,2016,1308,652,572,307,78380,50150,25651,21782,32138,23692,11105,10868,1306,530,439,530,55876,27069,14400,27069,10487,6185,2723,2400
29,Tlaxcala,2016,615,279,407,204,62238,48460,24465,21722,17939,17844,7456,8171,360,138,148,138,33561,21424,8836,21424,5464,4521,1312,1387
30,Veracruz,2016,1255,561,482,275,90325,58233,23250,20106,17218,14990,4848,5498,758,222,207,222,48980,24919,9750,24919,9919,6324,1869,1694
31,Yucatan,2016,29,7,12,3,7190,4090,2255,1338,2573,1745,946,669,31,6,13,6,5466,2339,1413,2339,1300,720,331,188
32,Zacatecas,2016,632,377,298,240,37907,31299,13134,14931,11776,11709,4295,5832,798,339,228,339,36534,23580,8664,23580,4464,4007,926,1300
1,Aguascalientes,2017,431,146,167,95,37240,22623,12397,9562,13068,10144,4311,4061,404,96,123,96,34405,16209,7877,16209,6399,3960,1338,1087
2,Baja California,2017,1065,528,602,343,43432,27139,18454,15319,11480,8279,4850,4935,854,334,352,334,38647,18504,11618,18504,6685,4386,1736,1684
3,Baja California Sur,2017,693,186,398,152,22203,9468,9728,5734,4941,2401,1943,1615,826,154,347,154,22738,8384,7202,8384,3816,2159,1013,696
4,Campeche,2017,419,156,216,82,40239,22209,11487,9267,9086,6765,3371,3290,467,129,168,129,37087,16193,9128,16193,9036,5126,2149,1948
5,Chiapas,2017,1001,356,363,162,94255,45283,22396,16843,18191,12044,4951,5027,628,155,163,155,47130,16482,8646,16482,9861,4457,1736,1488
6,Chihuahua,2017,1588,732,833,463,82019,55888,31250,28105,16377,13514,6362,6774,1590,493,581,493,80923,41901,21581,41901,13389,9681,2935,3355
7,Ciudad De Mexico,2017,3291,2159,2558,1431,117164,108078,54041,47165,41770,45723,19132,20018,3466,1421,1461,1421,78989,56261,25297,56261,13891,13409,4217,3742
8,Coahuila,2017,102,42,27,15,13963,8182,3668,3028,4993,3555,1236,1410,75,26,24,26,11113,5213,2029,5213,2237,1515,348,464
9,Colima,2017,497,238,313,169,27768,20600,10774,10733,7604,6671,2654,3665,457,222,201,222,25844,15959,7341,15959,5710,4197,1462,1584
10,Durango,2017,276,153,107,79,19165,13077,6268,6470,6081,4994,2275,2566,330,122,100,122,20719,10967,5098,10967,4423,2922,1070,1080
11,Guanajuato,2017,2616,1107,1287,706,336366,253869,117209,115526,111253,107294,42038,50978,2442,832,852,832,343922,224197,88059,224197,77404,68228,20042,20670
12,Guerrero,2017,1613,653,733,436,150760,87610,44574,35124,35895,28216,12647,12344,1310,314,411,314,107805,38102,22664,38102,23200,10217,5048,3797
13,Hidalgo,2017,1064,464,495,286,121641,87373,37756,33646,39073,34945,12414,13386,842,262,222,262,69325,37217,15297,37217,17822,12751,3815,3541
14,Jalisco,2017,1779,937,922,664,150049,129556,56391,65297,51605,54739,19549,27670,1731,578,578,578,145615,100203,39478,100203,28751,26823,7622,9626
15,Mexico,2017,3564,2061,2002,1124,307346,244818,109369,96158,73945,69293,25998,27567,2207,940,694,940,174851,115718,41040,115718,36934,32923,7997,8108
16,Michoacan,2017,841,482,426,282,70502,52121,22408,21583,17681,16889,6178,7539,796,306,266,306,64868,38087,14742,38087,13119,10496,2932,2973
17,Morelos,2017,956,470,542,304,60970,42466,22484,18713,15893,14220,6203,6533,528,207,201,207,27109,15629,7163,15629,5918,4373,1484,1261
18,Nayarit,2017,687,434,244,252,26633,21756,8686,11365,9308,9638,3165,5211,593,283,178,283,22783,12538,5548,12538,3888,2988,1059,1294
19,Nuevo Leon,2017,1282,596,593,290,83085,56987,28305,23351,33617,27204,12142,11350,1436,606,450,606,68808,38044,17794,38044,12621,9288,3169,2829
20,Oaxaca,2017,412,164,213,86,45532,31967,13939,12265,10057,10074,3499,4255,300,71,105,71,27467,13960,6178,13960,6270,4128,1303,1397
21,Puebla,2017,1397,691,700,372,247454,172656,84233,69587,85691,74890,32045,31813,1086,451,328,451,140286,77234,35630,77234,36074,24386,8986,7631
22,Queretaro,2017,646,273,338,183,83102,57301,25274,20172,24700,21645,7855,7930,573,191,198,191,67208,37774,13934,37774,14302,10771,2830,2635
23,Quintana Roo,2017,894,283,460,178,62825,29476,18609,12148,21642,12188,7096,5458,1172,261,380,261,57485,18832,13539,18832,13976,5654,3204,2342
24,San Luis Potosi,2017,994,391,522,251,116556,71679,39786,32100,30258,22504,10953,10022,1137,294,409,294,95972,40479,24039,40479,19953,10603,4857,3418
25,Sinaloa,2017,366,167,171,103,42207,28903,14871,14369,16869,13357,6284,6766,346,163,105,163,35862,17343,9197,17343,6517,4430,1666,1691
26,Sonora,2017,1114,491,539,305,42257,25127,14366,12007,11472,8360,4179,4091,1786,434,581,434,45028,17184,11516,17184,7191,3989,1732,1522
27,Tabasco,2017,982,328,464,195,108677,54696,30506,21636,34846,22938,10360,10022,658,181,208,181,65789,25365,15012,25365,16280,7548,3645,2519
28,Tamaulipas,2017,1893,870,882,479,83583,53125,26455,22876,31294,24573,10382,10697,2071,759,660,759,63331,30931,16520,30931,14205,8680,3475,3099
29,Tlaxcala,2017,621,289,353,198,67501,50112,26763,23187,17338,16498,7539,8045,320,134,133,134,38803,24259,10536,24259,7467,6178,2054,1906
30,Veracruz,2017,2364,928,913,480,177240,111353,45975,38761,39238,34080,11104,12522,1475,400,399,400,93496,45198,18866,45198,20520,13257,3788,3397
31,Yucatan,2017,497,242,232,123,43494,31550,13721,11258,9763,8764,3476,3594,1231,504,373,504,38943,18091,10141,18091,5446,3565,1354,1073
32,Zacatecas,2017,549,300,255,166,46549,37336,16190,18527,13132,12760,5096,6683,664,216,185,216,45263,27517,11001,27517,7200,6155,1473,1881
1,Aguascalientes,2018,321,102,161,73,28897,17339,9528,7305,9508,6826,3027,2985,348,74,106,74,25674,12327,5985,12327,5148,3391,1122,997
2,Baja California,2018,1470,722,849,424,56540,36659,23969,20278,15789,11794,6362,6774,1297,397,482,397,48645,24223,14877,24223,9538,6572,2595,2384
3,Baja California Sur,2018,610,220,361,143,18491,8003,7950,5002,4877,2402,2021,1670,696,147,261,147,18976,7162,6103,7162,3569,1953,861,788
4,Campeche,2018,418,116,200,71,33441,17830,9447,7553,8087,5835,2866,2910,474,110,168,110,30985,13612,7750,13612,7574,4579,1911,1748
5,Chiapas,2018,928,317,286,180,112157,50178,26198,19007,23615,14096,6183,6003,657,150,142,150,60391,20297,11063,20297,14415,5783,2446,2041
6,Chihuahua,2018,1877,760,919,505,99077,66583,37660,32374,23232,18920,8967,9260,2035,624,744,624,103739,53208,28198,53208,18709,13972,4284,4840
7,Ciudad De Mexico,2018,3101,1990,2175,1240,132929,121414,61680,53983,46081,50023,20532,21546,3049,1250,1148,1250,91911,65030,29269,65030,18441,17872,5415,4880
8,Coahuila,2018,24,16,6,4,11133,6410,3157,2236,4627,3354,1237,1230,55,17,8,17,9611,4634,2076,4634,2262,1507,407,453
9,Colima,2018,558,278,329,206,27915,20634,10837,10907,8309,7616,3045,4138,576,168,220,168,25588,15688,7110,15688,6320,4895,1576,1739
10,Durango,2018,314,160,120,89,21700,14967,6789,7468,6816,5770,2282,2820,534,131,124,131,23256,12845,4925,12845,4837,3937,907,1447
11,Guanajuato,2018,2251,903,1068,642,366465,263726,126301,119997,134550,123479,49140,57722,2794,719,878,719,372605,232563,94658,232563,94040,81690,23518,25350
12,Guerrero,2018,2214,897,1038,569,168202,94835,50010,38729,42776,32586,15500,14990,1738,411,552,411,119533,41697,25837,41697,28468,13073,6747,4975
13,Hidalgo,2018,980,403,424,213,122632,83964,36857,32222,41415,36284,13066,14081,974,258,255,258,82849,43260,17083,43260,23515,15920,4623,4477
14,Jalisco,2018,1532,862,772,507,141358,117279,50347,57841,56161,55043,19673,26704,1430,504,567,504,134076,91095,35437,91095,30321,28521,7591,9860
15,Mexico,2018,4009,2327,2083,1209,296373,235318,99194,90297,75956,72729,25882,28016,3655,1082,1009,1082,174869,112495,39277,112495,41844,36127,9118,8517
16,Michoacan,2018,1077,470,444,327,73178,51710,22489,22053,18249,16406,5984,7215,938,228,271,228,65466,36007,14411,36007,14233,11389,2852,3399
17,Morelos,2018,1348,748,686,419,57991,40377,21205,18008,16244,13817,6770,6394,808,325,300,325,27014,15969,7450,15969,6494,5074,1736,1423
18,Nayarit,2018,456,265,201,152,23585,19121,7659,9633,8788,8987,3034,4696,451,185,155,185,21479,12148,5536,12148,4321,3228,1164,1323
19,Nuevo Leon,2018,811,364,360,187,83167,58013,27458,23499,38179,30753,13082,12372,984,303,285,303,74356,41545,18776,41545,16219,12290,3969,3958
20,Oaxaca,2018,316,118,178,58,41060,26520,12556,10090,8323,7973,3299,3444,258,64,72,64,26324,11316,5699,11316,6848,4085,1298,1122
21,Puebla,2018,1081,459,446,254,259527,176682,88060,71949,103100,84727,38189,36966,679,212,209,212,156199,85765,39584,85765,51602,34888,12905,11319
22,Queretaro,2018,619,264,302,129,85857,57514,26180,20346,26392,22775,8424,8228,633,140,229,140,71601,38943,15450,38943,16493,12501,3422,3103
23,Quintana Roo,2018,800,286,449,183,57769,26632,17554,11244,19118,10723,6521,4966,1086,206,396,206,53959,16811,12732,16811,12622,5058,2926,2059
24,San Luis Potosi,2018,882,248,433,167,117828,69890,38952,31151,31347,23267,11049,10116,889,197,303,197,100472,41838,24512,41838,24099,13232,5665,4278
25,Sinaloa,2018,391,171,183,105,46167,32038,15712,15974,18641,15111,6782,7746,511,124,173,124,40230,19951,10432,19951,8081,5681,1984,2153
26,Sonora,2018,1219,542,586,307,47766,28185,16128,13666,14485,10810,5206,5315,1769,450,606,450,50849,19517,13260,19517,8483,5060,2092,1861
27,Tabasco,2018,792,336,300,170,101687,50389,28610,20319,35734,22482,10853,9776,653,191,186,191,65732,25115,14605,25115,19001,8837,4315,2791
28,Tamaulipas,2018,1679,692,769,450,83850,51168,26449,23249,30110,23139,9950,10621,1251,393,455,393,63693,30615,16752,30615,14507,9607,3486,3354
29,Tlaxcala,2018,705,342,402,209,78546,55737,31501,25782,18806,17159,8150,8165,464,123,160,123,44237,26814,12445,26814,9376,7786,2630,2446
30,Veracruz,2018,2432,876,1001,498,218306,131194,55916,46165,68676,52907,18541,19849,1743,472,518,472,119027,54303,22608,54303,28821,17751,4989,4309
31,Yucatan,2018,127,49,67,29,57007,45121,16871,15221,13804,14001,4694,5313,265,110,84,110,54402,29033,13695,29033,8891,6236,2250,1946
32,Zacatecas,2018,623,330,300,242,53673,41083,18397,19960,16327,14702,5589,7473,727,235,252,235,52466,30051,13196,30051,9649,8369,2173,2498
