Id,Estado,porc_pob_afiliada_seguro_popular_2008,porc_pob_afiliada_seguro_popular_2009,porc_pob_afiliada_seguro_popular_2010,porc_pob_afiliada_seguro_popular_2011,porc_pob_afiliada_seguro_popular_2012,porc_pob_afiliada_seguro_popular_2013,porc_pob_afiliada_seguro_popular_2014,porc_pob_afiliada_seguro_popular_2015,porc_pob_afiliada_seguro_popular_2016,porc_pob_afiliada_seguro_popular_2017,porc_pob_afiliada_seguro_popular_2018,miles_perso_afiliadas_seguro_popular_2008,miles_perso_afiliadas_seguro_popular_2009,miles_perso_afiliadas_seguro_popular_2010,miles_perso_afiliadas_seguro_popular_2011,miles_perso_afiliadas_seguro_popular_2012,miles_perso_afiliadas_seguro_popular_2013,miles_perso_afiliadas_seguro_popular_2014,miles_perso_afiliadas_seguro_popular_2015,miles_perso_afiliadas_seguro_popular_2016,miles_perso_afiliadas_seguro_popular_2017,miles_perso_afiliadas_seguro_popular_2018,porc_pob_afiliada_imss_2008,porc_pob_afiliada_imss_2009,porc_pob_afiliada_imss_2010,porc_pob_afiliada_imss_2011,porc_pob_afiliada_imss_2012,porc_pob_afiliada_imss_2013,porc_pob_afiliada_imss_2014,porc_pob_afiliada_imss_2015,porc_pob_afiliada_imss_2016,porc_pob_afiliada_imss_2017,porc_pob_afiliada_imss_2018,miles_perso_afilidas_imss_2008,miles_perso_afilidas_imss_2009,miles_perso_afilidas_imss_2010,miles_perso_afilidas_imss_2011,miles_perso_afilidas_imss_2012,miles_perso_afilidas_imss_2013,miles_perso_afilidas_imss_2014,miles_perso_afilidas_imss_2015,miles_perso_afilidas_imss_2016,miles_perso_afilidas_imss_2017,miles_perso_afilidas_imss_2018,porc_pob_afiliada_issste_2008,porc_pob_afiliada_issste_2009,porc_pob_afiliada_issste_2010,porc_pob_afiliada_issste_2011,porc_pob_afiliada_issste_2012,porc_pob_afiliada_issste_2013,porc_pob_afiliada_issste_2014,porc_pob_afiliada_issste_2015,porc_pob_afiliada_issste_2016,porc_pob_afiliada_issste_2017,porc_pob_afiliada_issste_2018,miles_perso_afilidas_issste_2008,miles_perso_afilidas_issste_2009,miles_perso_afilidas_issste_2010,miles_perso_afilidas_issste_2011,miles_perso_afilidas_issste_2012,miles_perso_afilidas_issste_2013,miles_perso_afilidas_issste_2014,miles_perso_afilidas_issste_2015,miles_perso_afilidas_issste_2016,miles_perso_afilidas_issste_2017,miles_perso_afilidas_issste_2018,porc_pob_afiliada_issste_estatal_2008,porc_pob_afiliada_issste_estatal_2009,porc_pob_afiliada_issste_estatal_2010,porc_pob_afiliada_issste_estatal_2011,porc_pob_afiliada_issste_estatal_2012,porc_pob_afiliada_issste_estatal_2013,porc_pob_afiliada_issste_estatal_2014,porc_pob_afiliada_issste_estatal_2015,porc_pob_afiliada_issste_estatal_2016,porc_pob_afiliada_issste_estatal_2017,porc_pob_afiliada_issste_estatal_2018,miles_perso_afilidas_issste_estatal_2008,miles_perso_afilidas_issste_estatal_2009,miles_perso_afilidas_issste_estatal_2010,miles_perso_afilidas_issste_estatal_2011,miles_perso_afilidas_issste_estatal_2012,miles_perso_afilidas_issste_estatal_2013,miles_perso_afilidas_issste_estatal_2014,miles_perso_afilidas_issste_estatal_2015,miles_perso_afilidas_issste_estatal_2016,miles_perso_afilidas_issste_estatal_2017,miles_perso_afilidas_issste_estatal_2018,porc_pob_afiliada_pemex_defensa_o_marina_2008,porc_pob_afiliada_pemex_defensa_o_marina_2009,porc_pob_afiliada_pemex_defensa_o_marina_2010,porc_pob_afiliada_pemex_defensa_o_marina_2011,porc_pob_afiliada_pemex_defensa_o_marina_2012,porc_pob_afiliada_pemex_defensa_o_marina_2013,porc_pob_afiliada_pemex_defensa_o_marina_2014,porc_pob_afiliada_pemex_defensa_o_marina_2015,porc_pob_afiliada_pemex_defensa_o_marina_2016,porc_pob_afiliada_pemex_defensa_o_marina_2017,porc_pob_afiliada_pemex_defensa_o_marina_2018,miles_perso_afiliadas_pemex_defensa_o_marina_2008,miles_perso_afiliadas_pemex_defensa_o_marina_2009,miles_perso_afiliadas_pemex_defensa_o_marina_2010,miles_perso_afiliadas_pemex_defensa_o_marina_2011,miles_perso_afiliadas_pemex_defensa_o_marina_2012,miles_perso_afiliadas_pemex_defensa_o_marina_2013,miles_perso_afiliadas_pemex_defensa_o_marina_2014,miles_perso_afiliadas_pemex_defensa_o_marina_2015,miles_perso_afiliadas_pemex_defensa_o_marina_2016,miles_perso_afiliadas_pemex_defensa_o_marina_2017,miles_perso_afiliadas_pemex_defensa_o_marina_2018,porc_pob_seguro_privado_gastos_med_2008,porc_pob_seguro_privado_gastos_med_2009,porc_pob_seguro_privado_gastos_med_2010,porc_pob_seguro_privado_gastos_med_2011,porc_pob_seguro_privado_gastos_med_2012,porc_pob_seguro_privado_gastos_med_2013,porc_pob_seguro_privado_gastos_med_2014,porc_pob_seguro_privado_gastos_med_2015,porc_pob_seguro_privado_gastos_med_2016,porc_pob_seguro_privado_gastos_med_2017,porc_pob_seguro_privado_gastos_med_2018,miles_perso_seguro_privado_gastos_med_2008,miles_perso_seguro_privado_gastos_med_2009,miles_perso_seguro_privado_gastos_med_2010,miles_perso_seguro_privado_gastos_med_2011,miles_perso_seguro_privado_gastos_med_2012,miles_perso_seguro_privado_gastos_med_2013,miles_perso_seguro_privado_gastos_med_2014,miles_perso_seguro_privado_gastos_med_2015,miles_perso_seguro_privado_gastos_med_2016,miles_perso_seguro_privado_gastos_med_2017,miles_perso_seguro_privado_gastos_med_2018,porc_pob_acces_servicios_med_seg_social_indirect_2008,porc_pob_acces_servicios_med_seg_social_indirect_2009,porc_pob_acces_servicios_med_seg_social_indirect_2010,porc_pob_acces_servicios_med_seg_social_indirect_2011,porc_pob_acces_servicios_med_seg_social_indirect_2012,porc_pob_acces_servicios_med_seg_social_indirect_2013,porc_pob_acces_servicios_med_seg_social_indirect_2014,porc_pob_acces_servicios_med_seg_social_indirect_2015,porc_pob_acces_servicios_med_seg_social_indirect_2016,porc_pob_acces_servicios_med_seg_social_indirect_2017,porc_pob_acces_servicios_med_seg_social_indirect_2018,miles_perso_acces_servicios_med_seg_social_indirect_2008,miles_perso_acces_servicios_med_seg_social_indirect_2009,miles_perso_acces_servicios_med_seg_social_indirect_2010,miles_perso_acces_servicios_med_seg_social_indirect_2011,miles_perso_acces_servicios_med_seg_social_indirect_2012,miles_perso_acces_servicios_med_seg_social_indirect_2013,miles_perso_acces_servicios_med_seg_social_indirect_2014,miles_perso_acces_servicios_med_seg_social_indirect_2015,miles_perso_acces_servicios_med_seg_social_indirect_2016,miles_perso_acces_servicios_med_seg_social_indirect_2017,miles_perso_acces_servicios_med_seg_social_indirect_2018,porc_pob_afiliada_inst_medica_dist_las_ant_2008,porc_pob_afiliada_inst_medica_dist_las_ant_2009,porc_pob_afiliada_inst_medica_dist_las_ant_2010,porc_pob_afiliada_inst_medica_dist_las_ant_2011,porc_pob_afiliada_inst_medica_dist_las_ant_2012,porc_pob_afiliada_inst_medica_dist_las_ant_2013,porc_pob_afiliada_inst_medica_dist_las_ant_2014,porc_pob_afiliada_inst_medica_dist_las_ant_2015,porc_pob_afiliada_inst_medica_dist_las_ant_2016,porc_pob_afiliada_inst_medica_dist_las_ant_2017,porc_pob_afiliada_inst_medica_dist_las_ant_2018,miles_perso_afiliadas_inst_medica_dist_las_ant_2008,miles_perso_afiliadas_inst_medica_dist_las_ant_2009,miles_perso_afiliadas_inst_medica_dist_las_ant_2010,miles_perso_afiliadas_inst_medica_dist_las_ant_2011,miles_perso_afiliadas_inst_medica_dist_las_ant_2012,miles_perso_afiliadas_inst_medica_dist_las_ant_2013,miles_perso_afiliadas_inst_medica_dist_las_ant_2014,miles_perso_afiliadas_inst_medica_dist_las_ant_2015,miles_perso_afiliadas_inst_medica_dist_las_ant_2016,miles_perso_afiliadas_inst_medica_dist_las_ant_2017,miles_perso_afiliadas_inst_medica_dist_las_ant_2018
1,Aguascalientes,25.3,28.200000000000003,31.1,33.7,36.3,37.099999999999994,37.9,35.8,33.7,32.35,31.0,292.08,332.325,372.57,411.17499999999995,449.78,466.445,483.11,462.02,440.93,428.505,416.08,41.8,43.2,44.6,44.8,45.0,46.9,48.8,50.95,53.1,53.55,54.0,483.12,508.95,534.78,545.755,556.73,589.4300000000001,622.13,659.1700000000001,696.21,710.345,724.48,8.2,7.949999999999999,7.7,7.7,7.7,7.65,7.6,6.9,6.2,6.4,6.6,94.51,93.25,91.99,93.455,94.92,96.02000000000001,97.12,89.345,81.57,85.1,88.63,0.1,0.1,0.1,0.05,0.0,0.05,0.1,0.2,0.3,0.35,0.4,0.64,1.165,1.69,0.94,0.19,0.7450000000000001,1.3,2.295,3.29,4.135,4.98,0.3,0.15,0.0,0.1,0.2,0.2,0.2,0.15000000000000002,0.1,0.1,0.1,3.53,1.9549999999999998,0.38,1.495,2.61,2.295,1.98,1.72,1.46,1.475,1.49,0.9,1.05,1.2,1.2999999999999998,1.4,1.65,1.9,1.15,0.4,0.65,0.9,10.32,12.39,14.46,15.940000000000001,17.42,20.91,24.4,14.995,5.59,8.934999999999999,12.28,2.3,2.2,2.1,2.1,2.1,2.25,2.4,2.0,1.6,1.7000000000000002,1.8,26.62,25.91,25.2,25.48,25.76,28.445,31.13,26.195,21.26,22.42,23.58,0.2,0.25,0.3,0.25,0.2,0.30000000000000004,0.4,0.45,0.5,0.45,0.4,2.13,3.135,4.14,3.1399999999999997,2.14,3.825,5.51,5.949999999999999,6.39,5.715,5.04
2,Baja California,12.8,15.65,18.5,25.4,32.3,30.2,28.1,27.4,26.7,26.7,26.7,398.2,497.855,597.51,839.175,1080.84,1024.5349999999999,968.23,958.015,947.8,961.39,974.98,43.0,41.65,40.3,40.0,39.7,42.25,44.8,47.65,50.5,50.6,50.7,1339.5,1321.58,1303.66,1315.67,1327.68,1434.68,1541.68,1666.67,1791.66,1820.2800000000002,1848.9,4.1,3.75,3.4,3.55,3.7,3.7,3.7,3.4000000000000004,3.1,3.0,2.9,128.59,119.265,109.94,116.03,122.12,124.70500000000001,127.29,118.49000000000001,109.69,108.655,107.62,3.4,3.65,3.9,3.4,2.9,3.0,3.1,3.7,4.3,4.0,3.7,106.4,115.855,125.31,110.35,95.39,101.85,108.31,129.805,151.3,142.7,134.1,0.1,0.1,0.1,0.1,0.1,0.2,0.3,0.2,0.1,0.2,0.3,3.63,2.665,1.7,3.215,4.73,8.015,11.3,7.220000000000001,3.14,6.715,10.29,1.0,1.4,1.8,1.65,1.5,1.3,1.1,1.4500000000000002,1.8,1.4500000000000002,1.1,31.26,45.32,59.38,54.06,48.74,43.81,38.88,51.525000000000006,64.17,51.39,38.61,3.8,3.8499999999999996,3.9,3.65,3.4,3.3,3.2,3.2,3.2,3.05,2.9,117.53,122.535,127.54,121.24000000000001,114.94,113.345,111.75,112.63499999999999,113.52,109.745,105.97,1.1,1.4,1.7,1.75,1.8,2.0,2.2,1.6,1.0,0.9,0.8,33.28,43.35,53.42,56.06,58.7,68.035,77.37,55.915000000000006,34.46,32.68,30.9
3,Baja California Sur,15.8,20.0,24.2,27.35,30.5,30.4,30.3,30.200000000000003,30.1,28.200000000000003,26.3,96.25,127.31,158.37,186.32999999999998,214.29,220.56,226.83,233.07,239.31,230.245,221.18,40.0,40.55,41.1,41.25,41.4,44.0,46.6,47.45,48.3,50.8,53.3,244.6,256.995,269.39,279.815,290.24,319.23,348.22,365.86,383.5,415.525,447.55,15.5,16.1,16.7,17.15,17.6,14.850000000000001,12.1,12.55,13.0,12.8,12.6,94.75,101.92,109.09,116.39,123.69,107.235,90.78,97.105,103.43,104.535,105.64,0.4,0.25,0.1,0.1,0.1,0.1,0.1,0.15000000000000002,0.2,0.15000000000000002,0.1,2.53,1.45,0.37,0.685,1.0,0.75,0.5,1.17,1.84,1.245,0.65,0.8,1.2000000000000002,1.6,1.4500000000000002,1.3,1.1,0.9,0.75,0.6,0.8,1.0,4.95,7.6850000000000005,10.42,9.665,8.91,7.84,6.77,5.619999999999999,4.47,6.275,8.08,1.0,1.25,1.5,1.4,1.3,1.25,1.2,1.2999999999999998,1.4,1.1,0.8,6.07,8.004999999999999,9.94,9.61,9.28,9.149999999999999,9.02,10.165,11.31,9.115,6.92,3.2,2.8,2.4,2.4,2.4,2.45,2.5,2.4,2.3,2.25,2.2,19.7,17.855,16.01,16.595,17.18,17.945,18.71,18.415,18.12,18.115000000000002,18.11,0.5,0.4,0.3,0.35,0.4,0.4,0.4,0.4,0.4,0.5,0.6,2.92,2.41,1.9,2.31,2.72,2.76,2.8,3.1849999999999996,3.57,4.2,4.83
4,Campeche,35.5,40.25,45.0,49.4,53.8,53.9,54.0,55.3,56.6,55.25,53.9,288.5,333.91499999999996,379.33,423.13,466.93,475.57500000000005,484.22,504.055,523.89,518.5,513.11,26.9,27.6,28.3,28.55,28.8,29.200000000000003,29.6,29.35,29.1,29.200000000000003,29.3,218.72,228.5,238.28,244.35500000000002,250.43,257.95500000000004,265.48,267.15999999999997,268.84,273.86,278.88,9.4,9.100000000000001,8.8,8.95,9.1,7.85,6.6,6.6,6.6,6.4,6.2,76.24,75.08,73.92,76.435,78.95,69.01,59.07,60.035,61.0,59.85,58.7,0.1,0.05,0.0,0.2,0.4,0.25,0.1,0.2,0.3,0.25,0.2,0.73,0.365,0.0,1.66,3.32,1.9749999999999999,0.63,1.6550000000000002,2.68,2.2350000000000003,1.79,3.3,3.0,2.7,2.4000000000000004,2.1,2.9000000000000004,3.7,3.55,3.4,3.3,3.2,26.64,24.89,23.14,20.54,17.94,25.494999999999997,33.05,32.269999999999996,31.49,30.865,30.24,0.4,0.6000000000000001,0.8,0.9500000000000001,1.1,0.9,0.7,0.6,0.5,0.4,0.3,3.57,5.1049999999999995,6.64,7.93,9.22,7.540000000000001,5.86,5.335,4.81,3.625,2.44,2.4,2.0,1.6,1.5,1.4,1.5,1.6,1.4500000000000002,1.3,1.2000000000000002,1.1,19.15,16.335,13.52,12.895,12.27,13.335,14.4,13.39,12.38,11.205,10.03,0.1,0.15000000000000002,0.2,0.4,0.6,0.35,0.1,0.15000000000000002,0.2,0.15000000000000002,0.1,0.68,1.11,1.54,3.39,5.24,3.13,1.02,1.62,2.22,1.81,1.4
5,Chiapas,30.2,39.4,48.6,54.85,61.1,64.05,67.0,69.4,71.8,70.6,69.4,1445.0,1919.62,2394.24,2744.895,3095.55,3289.9350000000004,3484.32,3657.67,3831.02,3812.37,3793.72,8.1,9.35,10.6,10.35,10.1,9.899999999999999,9.7,10.649999999999999,11.6,10.55,9.5,388.16,454.41999999999996,520.68,516.4649999999999,512.25,508.93,505.61,563.135,620.66,569.94,519.22,4.3,4.25,4.2,3.7,3.2,3.4000000000000004,3.6,3.35,3.1,3.5999999999999996,4.1,204.13,205.785,207.44,184.925,162.41,174.505,186.6,176.93,167.26,194.71499999999997,222.17,1.6,1.55,1.5,1.65,1.8,1.55,1.3,1.5,1.7,1.35,1.0,78.86,75.83,72.8,81.755,90.71,79.85,68.99,79.02,89.05,71.09,53.13,0.3,0.3,0.3,0.4,0.5,0.65,0.8,0.6000000000000001,0.4,0.4,0.4,15.03,14.965,14.9,18.96,23.02,32.055,41.09,30.535000000000004,19.98,20.515,21.05,0.1,0.1,0.1,0.1,0.1,0.15000000000000002,0.2,0.25,0.3,0.25,0.2,2.92,3.8449999999999998,4.77,6.02,7.27,8.235,9.2,12.995,16.79,12.515,8.24,1.1,1.1,1.1,1.05,1.0,0.95,0.9,0.95,1.0,0.9,0.8,50.99,52.39,53.79,52.849999999999994,51.91,48.644999999999996,45.38,50.335,55.29,48.195,41.1,3.7,2.2,0.7,0.6,0.5,0.6,0.7,0.7,0.7,0.6,0.5,176.48,104.42999999999999,32.38,28.055,23.73,29.770000000000003,35.81,36.57,37.33,33.435,29.54
6,Chihuahua,12.7,19.1,25.5,29.5,33.5,32.5,31.5,32.85,34.2,31.950000000000003,29.7,438.46,669.685,900.91,1055.08,1209.25,1183.315,1157.38,1221.5500000000002,1285.72,1210.665,1135.61,44.3,44.95,45.6,46.5,47.4,49.15,50.9,51.2,51.5,52.45,53.4,1527.52,1569.7649999999999,1612.01,1661.17,1710.33,1791.6100000000001,1872.89,1904.1,1935.31,1988.695,2042.08,4.9,5.050000000000001,5.2,5.050000000000001,4.9,4.65,4.4,4.65,4.9,4.5,4.1,170.54,176.36,182.18,180.2,178.22,169.59,160.96,173.05,185.14,170.8,156.46,0.0,0.05,0.1,0.1,0.1,0.1,0.1,0.30000000000000004,0.5,1.6,2.7,1.25,1.99,2.73,2.91,3.09,4.105,5.12,11.774999999999999,18.43,60.775,103.12,0.6,0.4,0.2,0.35,0.5,0.4,0.3,0.25,0.2,0.2,0.2,21.28,13.47,5.66,11.725,17.79,13.55,9.31,9.08,8.85,7.73,6.61,1.2,1.15,1.1,1.15,1.2,1.2999999999999998,1.4,1.25,1.1,1.25,1.4,41.89,39.95,38.01,41.545,45.08,48.835,52.59,47.510000000000005,42.43,48.8,55.17,2.7,2.5,2.3,2.05,1.8,2.05,2.3,2.25,2.2,2.4000000000000004,2.6,91.56,86.21000000000001,80.86,73.655,66.45,74.715,82.98,83.27000000000001,83.56,91.5,99.44,6.5,6.3,6.1,6.5,6.9,5.65,4.4,4.15,3.9,2.8,1.7,223.95,219.325,214.7,231.575,248.45,205.25,162.05,153.73000000000002,145.41,105.615,65.82
7,Ciudad De Mexico,7.3,11.25,15.2,20.6,26.0,25.45,24.9,25.65,26.4,25.4,24.4,648.4,1000.72,1353.04,1829.495,2305.95,2250.645,2195.34,2263.525,2331.71,2236.56,2141.41,37.8,37.45,37.1,37.2,37.3,38.849999999999994,40.4,41.7,43.0,42.75,42.5,3378.57,3339.865,3301.16,3305.4049999999997,3309.65,3435.33,3561.01,3678.8900000000003,3796.77,3762.3050000000003,3727.84,12.6,12.6,12.6,12.85,13.1,14.0,14.9,13.45,12.0,12.55,13.1,1128.28,1123.945,1119.61,1142.385,1165.16,1240.0500000000002,1314.94,1184.68,1054.42,1102.3200000000002,1150.22,0.1,0.1,0.1,0.05,0.0,0.0,0.0,0.1,0.2,0.2,0.2,13.24,9.485,5.73,4.25,2.77,2.755,2.74,8.530000000000001,14.32,15.995000000000001,17.67,1.2,1.2,1.2,1.1,1.0,0.9,0.8,0.75,0.7,0.8,0.9,105.87,105.065,104.26,97.995,91.73,79.89500000000001,68.06,65.695,63.33,72.305,81.28,1.7,1.75,1.8,1.5,1.2,1.5,1.8,1.7000000000000002,1.6,1.7000000000000002,1.8,148.17,153.35,158.53,133.35500000000002,108.18,134.97,161.76,149.575,137.39,145.89999999999998,154.41,3.9,3.55,3.2,2.6,2.0,2.2,2.4,2.65,2.9,2.5999999999999996,2.3,346.16,317.44500000000005,288.73,232.81,176.89,196.175,215.46,236.97500000000002,258.49,228.06,197.63,2.7,2.5,2.3,1.7,1.1,1.4500000000000002,1.8,1.4,1.0,1.55,2.1,237.68,222.315,206.95,153.125,99.3,126.83500000000001,154.37,122.94,91.51,136.175,180.84
8,Coahuila,6.6,10.35,14.1,19.25,24.4,23.95,23.5,24.4,25.3,21.15,17.0,180.04,286.115,392.19,545.875,699.56,695.13,690.7,725.27,759.84,641.815,523.79,59.3,60.55,61.8,61.2,60.6,60.3,60.0,61.6,63.2,64.6,66.0,1605.78,1664.44,1723.1,1729.4299999999998,1735.76,1749.24,1762.72,1831.045,1899.37,1963.815,2028.26,6.7,6.65,6.6,6.5,6.4,6.4,6.4,6.25,6.1,5.9,5.7,180.2,182.845,185.49,184.925,184.36,186.385,188.41,185.695,182.98,179.14,175.3,0.2,0.35,0.5,0.3,0.1,0.25,0.4,0.30000000000000004,0.2,0.15000000000000002,0.1,4.41,9.125,13.84,8.825,3.81,8.215,12.62,9.559999999999999,6.5,4.805,3.11,0.1,0.2,0.3,0.2,0.1,0.25,0.4,0.25,0.1,0.15000000000000002,0.2,1.83,5.09,8.35,6.055,3.76,7.46,11.16,7.375,3.59,5.5,7.41,1.5,1.8,2.1,2.0,1.9,2.0,2.1,1.7000000000000002,1.3,1.25,1.2,40.38,49.315,58.25,56.345,54.44,58.42,62.4,50.915,39.43,38.565,37.7,2.4,2.45,2.5,2.4,2.3,2.25,2.2,2.05,1.9,2.05,2.2,66.05,67.47,68.89,67.59,66.29,66.155,66.02,61.535,57.05,61.99,66.93,2.6,3.25,3.9,3.25,2.6,2.4000000000000004,2.2,2.45,2.7,2.1,1.5,70.74,90.37,110.0,92.03,74.06,69.33,64.6,73.535,82.47,63.815,45.16
9,Colima,31.1,35.6,40.1,39.6,39.1,40.5,41.9,40.3,38.7,38.400000000000006,38.1,196.66,231.31,265.96,267.78,269.6,284.315,299.03,292.695,286.36,288.645,290.93,42.5,40.3,38.1,40.3,42.5,41.35,40.2,42.55,44.9,45.8,46.7,269.04,260.97,252.9,273.005,293.11,289.95500000000004,286.8,309.47,332.14,344.405,356.67,7.8,7.85,7.9,7.75,7.6,7.05,6.5,6.45,6.4,6.75,7.1,49.1,50.615,52.13,52.425,52.72,49.394999999999996,46.07,46.765,47.46,50.900000000000006,54.34,0.6,0.5,0.4,0.25,0.1,0.35,0.6,0.35,0.1,0.05,0.0,3.89,3.12,2.35,1.5350000000000001,0.72,2.38,4.04,2.355,0.67,0.51,0.35,0.6,0.8500000000000001,1.1,1.15,1.2,1.2,1.2,1.2999999999999998,1.4,1.15,0.9,3.65,5.53,7.41,7.78,8.15,8.3,8.45,9.545,10.64,8.655000000000001,6.67,1.1,0.8,0.5,0.65,0.8,0.9500000000000001,1.1,0.9,0.7,0.75,0.8,7.15,5.13,3.11,4.175,5.24,6.635,8.03,6.68,5.33,5.67,6.01,1.7,1.5499999999999998,1.4,1.35,1.3,1.4500000000000002,1.6,1.6,1.6,1.5,1.4,10.98,10.105,9.23,8.975000000000001,8.72,10.22,11.72,11.780000000000001,11.84,11.375,10.91,0.4,0.45,0.5,0.5,0.5,0.7,0.9,0.6,0.3,0.4,0.5,2.47,3.005,3.54,3.455,3.37,4.775,6.18,4.295,2.41,3.02,3.63
10,Durango,15.3,23.85,32.4,38.05,43.7,42.3,40.9,41.849999999999994,42.8,41.0,39.2,250.66,397.05000000000007,543.44,646.51,749.58,732.7650000000001,715.95,740.82,765.69,739.355,713.02,33.5,32.5,31.5,32.1,32.7,35.3,37.9,38.9,39.9,41.25,42.6,547.26,537.665,528.07,544.105,560.14,611.615,663.09,687.825,712.56,743.925,775.29,9.2,9.85,10.5,10.6,10.7,10.399999999999999,10.1,10.45,10.8,10.350000000000001,9.9,150.82,163.07999999999998,175.34,179.805,184.27,180.51,176.75,185.12,193.49,186.82,180.15,1.2,0.6,0.0,0.05,0.1,0.1,0.1,0.1,0.1,0.15000000000000002,0.2,19.09,9.765,0.44,1.445,2.45,2.47,2.49,1.8800000000000001,1.27,2.4050000000000002,3.54,1.5,1.0,0.5,0.45,0.4,0.55,0.7,0.6,0.5,0.4,0.3,24.09,16.54,8.99,8.035,7.08,9.325,11.57,9.815000000000001,8.06,6.315,4.57,0.3,0.3,0.3,0.35,0.4,0.4,0.4,0.4,0.4,0.55,0.7,5.53,5.03,4.53,5.305,6.08,6.325,6.57,6.905,7.24,10.245000000000001,13.25,1.9,1.7,1.5,1.55,1.6,1.6,1.6,1.6,1.6,1.5,1.4,31.19,28.475,25.76,26.39,27.02,27.59,28.16,28.494999999999997,28.83,27.15,25.47,1.1,0.6000000000000001,0.1,0.05,0.0,0.05,0.1,0.2,0.3,0.25,0.2,17.92,9.725000000000001,1.53,1.175,0.82,1.5750000000000002,2.33,3.505,4.68,4.16,3.64
11,Guanajuato,26.0,33.5,41.0,44.4,47.8,48.45,49.1,49.25,49.4,48.099999999999994,46.8,1419.5,1852.3,2285.1,2499.9049999999997,2714.71,2773.6549999999997,2832.6,2866.8050000000003,2901.01,2847.3900000000003,2793.77,31.1,30.4,29.7,30.6,31.5,33.6,35.7,35.85,36.0,36.1,36.2,1698.48,1675.625,1652.77,1721.2649999999999,1789.76,1923.12,2056.48,2085.9,2115.32,2138.74,2162.16,4.0,4.3,4.6,4.65,4.7,4.35,4.0,4.45,4.9,4.45,4.0,219.79,238.20999999999998,256.63,261.59000000000003,266.55,249.405,232.26,258.705,285.15,262.1,239.05,0.7,0.44999999999999996,0.2,0.15000000000000002,0.1,0.1,0.1,0.30000000000000004,0.5,0.5,0.5,38.26,25.905,13.55,8.530000000000001,3.51,3.88,4.25,15.46,26.67,27.54,28.41,0.3,0.55,0.8,0.45,0.1,0.4,0.7,0.6,0.5,0.45,0.4,14.17,28.955,43.74,24.675,5.61,23.465,41.32,36.75,32.18,26.735,21.29,0.3,0.3,0.3,0.44999999999999996,0.6,0.55,0.5,0.65,0.8,0.55,0.3,17.75,17.345,16.94,24.67,32.4,29.725,27.05,37.5,47.95,33.295,18.64,2.0,1.9,1.8,1.7000000000000002,1.6,1.5,1.4,1.65,1.9,1.65,1.4,109.14,105.43,101.72,97.18,92.64,88.09,83.54,97.42,111.3,97.545,83.79,0.5,0.5,0.5,0.4,0.3,0.25,0.2,0.30000000000000004,0.4,0.30000000000000004,0.2,26.16,26.95,27.74,22.659999999999997,17.58,15.27,12.96,17.47,21.98,16.39,10.8
12,Guerrero,21.9,31.55,41.2,48.400000000000006,55.6,59.900000000000006,64.2,65.80000000000001,67.4,66.5,65.6,741.91,1080.93,1419.95,1685.005,1950.06,2114.3,2278.54,2349.775,2421.01,2401.3500000000004,2381.69,11.1,11.25,11.4,12.05,12.7,12.2,11.7,12.95,14.2,13.7,13.2,376.41,384.185,391.96,418.82,445.68,430.355,415.03,463.275,511.52,495.235,478.95,8.7,8.649999999999999,8.6,8.05,7.5,7.65,7.8,8.05,8.3,8.25,8.2,295.1,296.665,298.23,280.18,262.13,269.675,277.22,287.58000000000004,297.94,297.435,296.93,0.0,0.05,0.1,0.2,0.3,0.35,0.4,0.2,0.0,0.45,0.9,1.43,2.4,3.37,6.665000000000001,9.96,11.495000000000001,13.03,6.515,0.0,15.65,31.3,0.7,0.75,0.8,0.8,0.8,0.75,0.7,1.1,1.5,1.25,1.0,22.07,24.205,26.34,26.415,26.49,25.005,23.52,38.085,52.65,43.974999999999994,35.3,0.2,0.2,0.2,0.15000000000000002,0.1,0.15000000000000002,0.2,0.30000000000000004,0.4,0.30000000000000004,0.2,5.68,7.05,8.42,6.355,4.29,5.9,7.51,10.645,13.78,10.78,7.78,1.8,1.3,0.8,0.9,1.0,0.95,0.9,0.8500000000000001,0.8,0.8,0.8,62.13,44.370000000000005,26.61,29.96,33.31,32.835,32.36,30.775,29.19,28.875,28.56,0.2,0.15000000000000002,0.1,0.15000000000000002,0.2,0.1,0.0,0.0,0.0,0.0,0.0,5.97,4.15,2.33,4.325,6.32,3.8000000000000003,1.28,1.4300000000000002,1.58,1.1300000000000001,0.68
13,Hidalgo,27.0,35.55,44.1,50.55,57.0,56.9,56.8,60.2,63.6,61.650000000000006,59.7,706.7,949.0,1191.3,1387.15,1583.0,1600.335,1617.67,1737.92,1858.17,1821.37,1784.57,15.8,16.5,17.2,18.6,20.0,20.4,20.8,20.25,19.7,20.15,20.6,412.46,438.29999999999995,464.14,509.865,555.59,574.34,593.09,584.28,575.47,596.12,616.77,7.5,8.3,9.1,8.4,7.7,8.0,8.3,7.050000000000001,5.8,6.3,6.8,196.16,220.805,245.45,229.725,214.0,225.64499999999998,237.29,202.96499999999997,168.64,186.31,203.98,0.0,0.0,0.0,0.1,0.2,0.2,0.2,0.15000000000000002,0.1,0.1,0.1,0.95,0.55,0.15,3.2699999999999996,6.39,6.555,6.72,5.0649999999999995,3.41,3.2,2.99,0.6,0.6,0.6,0.6,0.6,0.8999999999999999,1.2,1.15,1.1,0.75,0.4,14.85,15.309999999999999,15.77,16.490000000000002,17.21,25.44,33.67,32.815,31.96,21.425,10.89,0.2,0.2,0.2,0.35,0.5,0.6,0.7,0.5,0.3,0.35,0.4,4.93,5.465,6.0,10.48,14.96,17.495,20.03,14.120000000000001,8.21,9.555,10.9,1.7,1.7999999999999998,1.9,1.6,1.3,1.3,1.3,1.15,1.0,1.15,1.3,43.8,47.394999999999996,50.99,43.894999999999996,36.8,36.54,36.28,32.455,28.63,33.64,38.65,0.5,0.9,1.3,1.05,0.8,0.55,0.3,0.4,0.5,0.45,0.4,11.79,23.895,36.0,28.46,20.92,14.16,7.4,10.67,13.94,12.58,11.22
14,Jalisco,16.0,19.7,23.4,27.15,30.9,33.05,35.2,35.900000000000006,36.6,33.75,30.9,1158.55,1454.705,1750.86,2060.02,2369.18,2567.615,2766.05,2854.895,2943.74,2744.02,2544.3,44.0,42.55,41.1,42.3,43.5,44.2,44.9,45.7,46.5,46.5,46.5,3183.88,3128.085,3072.29,3204.15,3336.01,3430.8100000000004,3525.61,3634.825,3744.04,3783.59,3823.14,2.7,2.5,2.3,2.55,2.8,3.2,3.6,3.2,2.8,3.05,3.3,194.86,184.59500000000003,174.33,195.98000000000002,217.63,251.755,285.88,255.28,224.68,248.73,272.78,0.1,0.15000000000000002,0.2,0.1,0.0,0.05,0.1,0.05,0.0,0.05,0.1,9.8,13.395,16.99,9.875,2.76,4.295,5.83,4.890000000000001,3.95,4.215,4.48,0.2,0.15000000000000002,0.1,0.05,0.0,0.15,0.3,0.2,0.1,0.25,0.4,12.85,11.524999999999999,10.2,5.595,0.99,12.420000000000002,23.85,15.255,6.66,18.475,30.29,0.8,1.25,1.7,1.85,2.0,1.85,1.7,1.35,1.0,1.15,1.3,57.77,94.16,130.55,141.995,153.44,144.12,134.8,108.67500000000001,82.55,94.05,105.55,3.2,3.25,3.3,3.3499999999999996,3.4,3.0,2.6,2.6,2.6,2.6500000000000004,2.7,232.6,237.725,242.85,253.365,263.88,232.3,200.72,206.625,212.53,217.4,222.27,0.4,0.45,0.5,0.45,0.4,0.75,1.1,0.8,0.5,0.7,0.9,30.93,32.504999999999995,34.08,32.989999999999995,31.9,57.705,83.51,60.230000000000004,36.95,55.27,73.59
15,Mexico,13.0,18.7,24.4,29.65,34.9,37.849999999999994,40.8,42.45,44.1,41.55,39.0,1955.39,2887.3,3819.21,4732.42,5645.63,6227.54,6809.45,7194.655,7579.86,7232.42,6884.98,31.0,30.95,30.9,31.0,31.1,33.0,34.9,35.05,35.2,34.8,34.4,4681.54,4761.9,4842.26,4931.59,5020.92,5419.985000000001,5819.05,5931.025,6043.0,6058.725,6074.45,4.0,3.75,3.5,4.1,4.7,4.6,4.5,4.8,5.1,4.85,4.6,605.77,579.0550000000001,552.34,655.4100000000001,758.48,751.935,745.39,813.4649999999999,881.54,847.115,812.69,1.8,4.2,6.6,3.55,0.5,2.15,3.8,4.05,4.3,4.25,4.2,265.2,649.5049999999999,1033.81,553.54,73.27,349.48,625.69,681.54,737.39,743.69,749.99,0.4,0.4,0.4,0.4,0.4,0.65,0.9,0.95,1.0,0.85,0.7,62.01,63.620000000000005,65.23,66.72,68.21,106.375,144.54,162.255,179.97,148.24,116.51,0.3,0.44999999999999996,0.6,0.5,0.4,0.45,0.5,0.6,0.7,0.8,0.9,40.27,65.215,90.16,80.55,70.94,73.495,76.05,101.18,126.31,144.9,163.49,2.6,3.7,4.8,3.25,1.7,1.6,1.5,1.55,1.6,1.75,1.9,395.91,575.86,755.81,516.555,277.3,264.16,251.02,263.53000000000003,276.04,308.46500000000003,340.89,5.4,3.45,1.5,4.05,6.6,3.8,1.0,0.75,0.5,0.4,0.3,814.67,521.38,228.09,648.38,1068.67,621.485,174.3,133.64000000000001,92.98,76.49000000000001,60.0
16,Michoacan,17.9,25.9,33.9,39.45,45.0,47.85,50.7,51.35,52.0,51.25,50.5,778.03,1139.13,1500.23,1762.925,2025.62,2170.675,2315.73,2363.3599999999997,2410.99,2391.615,2372.24,18.6,20.05,21.5,21.15,20.8,20.200000000000003,19.6,21.35,23.1,23.6,24.1,809.2,881.945,954.69,944.605,934.52,915.97,897.42,984.25,1071.08,1100.585,1130.09,4.9,5.35,5.8,6.55,7.3,6.65,6.0,5.2,4.4,5.050000000000001,5.7,214.59,235.60000000000002,256.61,293.13,329.65,301.745,273.84,239.245,204.65,235.365,266.08,0.0,0.05,0.1,0.1,0.1,0.1,0.1,0.1,0.1,0.1,0.1,1.23,2.76,4.29,4.415,4.54,4.465,4.39,3.965,3.54,4.04,4.54,0.4,0.25,0.1,0.35,0.6,0.4,0.2,0.30000000000000004,0.4,0.35,0.3,16.06,9.239999999999998,2.42,13.87,25.32,18.009999999999998,10.7,14.07,17.44,16.68,15.92,0.2,0.25,0.3,0.5,0.7,0.55,0.4,0.4,0.4,0.4,0.4,7.55,10.145,12.74,21.875,31.01,23.755000000000003,16.5,16.439999999999998,16.38,17.39,18.4,1.9,1.5499999999999998,1.2,1.25,1.3,1.25,1.2,1.4,1.6,1.65,1.7,82.52,67.63499999999999,52.75,56.364999999999995,59.98,58.15,56.32,64.18,72.04,76.85,81.66,1.0,1.3,1.6,0.9,0.2,0.25,0.3,0.3,0.3,0.3,0.3,43.43,57.355000000000004,71.28,41.13,10.98,11.285,11.59,12.455,13.32,13.57,13.82
17,Morelos,27.4,31.2,35.0,39.5,44.0,48.6,53.2,52.8,52.4,51.599999999999994,50.8,480.9,557.38,633.86,724.745,815.63,913.635,1011.64,1016.65,1021.66,1017.49,1013.32,24.8,26.85,28.9,29.049999999999997,29.2,27.35,25.5,27.8,30.1,29.3,28.5,436.38,479.43,522.48,532.4200000000001,542.36,513.735,485.11,536.0250000000001,586.94,577.165,567.39,6.4,6.75,7.1,6.699999999999999,6.3,6.9,7.5,6.9,6.3,6.0,5.7,112.07,120.39999999999999,128.73,122.97999999999999,117.23,129.56,141.89,132.63,123.37,118.39,113.41,0.1,0.05,0.0,0.5,1.0,0.55,0.1,0.05,0.0,0.0,0.0,0.94,0.64,0.34,9.22,18.1,10.135000000000002,2.17,1.5,0.83,0.855,0.88,0.7,0.55,0.4,0.35,0.3,0.4,0.5,0.55,0.6,0.44999999999999996,0.3,11.66,9.6,7.54,6.91,6.28,7.43,8.58,10.434999999999999,12.29,9.309999999999999,6.33,0.6,0.6,0.6,0.44999999999999996,0.3,0.6499999999999999,1.0,0.85,0.7,0.6,0.5,10.17,10.120000000000001,10.07,8.24,6.41,12.435,18.46,16.215,13.97,11.485,9.0,2.2,2.1,2.0,1.7,1.4,1.45,1.5,1.5,1.5,1.4,1.3,38.38,36.965,35.55,30.685,25.82,26.725,27.63,28.095,28.56,27.455,26.35,0.5,0.4,0.3,0.25,0.2,0.2,0.2,0.35,0.5,0.55,0.6,9.48,7.755000000000001,6.03,4.525,3.02,3.37,3.72,6.705,9.69,10.515,11.34
18,Nayarit,30.0,36.1,42.2,45.45,48.7,47.150000000000006,45.6,46.650000000000006,47.7,46.150000000000006,44.6,319.37,395.195,471.02,518.54,566.06,558.315,550.57,574.375,598.18,588.555,578.93,28.1,27.85,27.6,27.85,28.1,30.6,33.1,33.5,33.9,35.7,37.5,299.14,303.64,308.14,317.64,327.14,363.16499999999996,399.19,412.08500000000004,424.98,455.49,486.0,10.2,10.7,11.2,10.8,10.4,11.75,13.1,11.5,9.9,9.65,9.4,108.48,116.605,124.73,122.71000000000001,120.69,139.17000000000002,157.65,140.645,123.64,122.82,122.0,0.0,0.3,0.6,0.5,0.4,0.30000000000000004,0.2,0.15000000000000002,0.1,0.05,0.0,0.35,3.435,6.52,5.449999999999999,4.38,3.315,2.25,2.045,1.84,1.23,0.62,0.4,0.55,0.7,0.6499999999999999,0.6,0.44999999999999996,0.3,0.4,0.5,0.4,0.3,4.59,6.295,8.0,7.62,7.24,5.385,3.53,4.695,5.86,4.84,3.82,0.3,0.44999999999999996,0.6,0.6,0.6,0.7,0.8,0.65,0.5,0.5,0.5,3.71,5.275,6.84,6.949999999999999,7.06,8.34,9.62,8.235,6.85,6.505,6.16,1.9,1.65,1.4,1.45,1.5,1.3,1.1,1.1,1.1,1.4,1.7,19.96,17.615000000000002,15.27,16.435000000000002,17.6,15.345,13.09,13.530000000000001,13.97,18.215,22.46,0.3,0.3,0.3,0.4,0.5,0.5,0.5,0.45,0.4,0.45,0.5,3.55,3.705,3.86,4.6,5.34,5.63,5.92,5.57,5.22,5.595,5.97
19,Nuevo Leon,9.9,13.8,17.7,19.7,21.7,21.5,21.3,21.9,22.5,21.25,20.0,453.57,645.115,836.66,948.0550000000001,1059.45,1063.605,1067.76,1117.2849999999999,1166.81,1115.31,1063.81,53.5,54.55,55.6,56.45,57.3,59.349999999999994,61.4,60.65,59.9,61.45,63.0,2444.66,2537.3599999999997,2630.06,2711.49,2792.92,2938.7250000000004,3084.53,3092.37,3100.21,3226.275,3352.34,3.6,3.25,2.9,3.0999999999999996,3.3,2.9,2.5,2.7,2.9,2.9,2.9,163.24,149.53500000000003,135.83,148.48000000000002,161.13,142.37,123.61,137.575,151.54,152.855,154.17,0.8,1.15,1.5,1.3,1.1,1.15,1.2,1.05,0.9,1.15,1.4,36.44,53.955,71.47,63.64,55.81,58.125,60.44,53.435,46.43,59.575,72.72,0.5,0.5,0.5,0.45,0.4,0.30000000000000004,0.2,0.35,0.5,0.35,0.2,24.35,24.03,23.71,22.1,20.49,14.41,8.33,16.674999999999997,25.02,18.9,12.78,3.2,3.2,3.2,3.3,3.4,3.05,2.7,2.4000000000000004,2.1,2.0,1.9,146.72,149.25,151.78,159.19,166.6,150.84,135.08,122.58500000000001,110.09,106.39500000000001,102.7,3.8,3.8,3.8,3.3499999999999996,2.9,2.8,2.7,2.7,2.7,2.6,2.5,172.31,176.065,179.82,160.45499999999998,141.09,139.25,137.41,137.36,137.31,134.74,132.17,4.6,4.4,4.2,3.85,3.5,3.45,3.4,3.3499999999999996,3.3,2.8,2.3,208.92,204.39,199.86,186.29500000000002,172.73,171.245,169.76,169.875,169.99,144.93,119.87
20,Oaxaca,24.5,33.35,42.2,51.0,59.8,61.4,63.0,65.95,68.9,67.15,65.4,931.79,1284.025,1636.26,1992.6599999999999,2349.06,2430.5299999999997,2512.0,2650.115,2788.23,2730.995,2673.76,11.7,11.399999999999999,11.1,11.75,12.4,11.7,11.0,10.7,10.4,11.65,12.9,445.79,438.125,430.46,458.515,486.57,461.805,437.04,429.665,422.29,475.95000000000005,529.61,6.9,6.95,7.0,7.15,7.3,6.85,6.4,6.050000000000001,5.7,6.300000000000001,6.9,263.24,267.3,271.36,279.28,287.2,271.83,256.46,243.545,230.63,256.935,283.24,0.1,0.25,0.4,0.30000000000000004,0.2,0.30000000000000004,0.4,0.2,0.0,0.0,0.0,3.46,9.495000000000001,15.53,12.085,8.64,11.56,14.48,7.24,0.0,0.6,1.2,0.7,0.9,1.1,1.25,1.4,1.45,1.5,1.3,1.1,1.1,1.1,25.59,34.99,44.39,50.625,56.86,57.79,58.72,51.09,43.46,44.03,44.6,0.1,0.1,0.1,0.35,0.6,0.44999999999999996,0.3,0.25,0.2,0.2,0.2,2.74,2.9050000000000002,3.07,12.49,21.91,16.23,10.55,8.885,7.22,7.02,6.82,1.5,1.35,1.2,1.15,1.1,1.0,0.9,0.8,0.7,0.8,0.9,55.77,51.66,47.55,44.44,41.33,38.515,35.7,32.83,29.96,34.24,38.52,0.1,0.1,0.1,0.1,0.1,0.25,0.4,0.25,0.1,0.15000000000000002,0.2,4.87,3.84,2.81,3.425,4.04,10.71,17.38,10.62,3.86,5.135,6.41
21,Puebla,18.5,25.1,31.7,39.95,48.2,53.0,57.8,57.55,57.3,55.7,54.1,1063.9,1464.0300000000002,1864.16,2382.215,2900.27,3222.09,3543.91,3570.13,3596.35,3524.585,3452.82,18.2,20.299999999999997,22.4,20.7,19.0,18.75,18.5,19.9,21.3,21.55,21.8,1046.55,1183.15,1319.75,1231.375,1143.0,1137.955,1132.91,1233.37,1333.83,1362.0149999999999,1390.2,2.5,2.25,2.0,2.1,2.2,2.25,2.3,2.9,3.5,3.05,2.6,141.06,129.46,117.86,125.63499999999999,133.41,136.005,138.6,178.57,218.54,193.425,168.31,2.0,2.35,2.7,2.05,1.4,1.75,2.1,2.3,2.5,2.35,2.2,115.79,137.29,158.79,121.775,84.76,106.105,127.45,143.695,159.94,149.625,139.31,0.3,0.5,0.7,0.6,0.5,0.45,0.4,0.45,0.5,0.5,0.5,16.41,28.405,40.4,34.79,29.18,28.33,27.48,28.564999999999998,29.65,30.985,32.32,0.2,0.2,0.2,0.55,0.9,0.8,0.7,0.6499999999999999,0.6,0.4,0.2,10.88,11.93,12.98,32.650000000000006,52.32,48.42,44.52,40.475,36.43,23.81,11.19,1.8,1.65,1.5,1.55,1.6,1.6,1.6,1.7000000000000002,1.8,1.55,1.3,102.68,96.095,89.51,92.53999999999999,95.57,96.755,97.94,105.11500000000001,112.29,96.61000000000001,80.93,0.9,0.8500000000000001,0.8,0.6000000000000001,0.4,0.55,0.7,0.6499999999999999,0.6,0.4,0.2,52.93,48.67,44.41,34.41,24.41,34.885,45.36,42.92,40.48,27.265,14.05
22,Queretaro,24.4,30.75,37.1,40.35,43.6,43.35,43.1,43.400000000000006,43.7,43.6,43.5,435.28,560.9749999999999,686.67,760.995,835.32,843.395,851.47,871.765,892.06,902.355,912.65,41.0,38.7,36.4,37.849999999999994,39.3,40.15,41.0,43.5,46.0,45.6,45.2,731.65,702.665,673.68,713.675,753.67,781.95,810.23,875.185,940.14,944.98,949.82,4.8,4.4,4.0,4.1,4.2,4.2,4.2,4.15,4.1,3.9499999999999997,3.8,86.12,79.89500000000001,73.67,77.185,80.7,81.91,83.12,83.0,82.88,81.185,79.49,0.2,0.25,0.3,0.2,0.1,0.1,0.1,0.1,0.1,0.05,0.0,3.1,4.64,6.18,3.7199999999999998,1.26,1.2650000000000001,1.27,1.49,1.71,1.195,0.68,0.2,0.2,0.2,0.2,0.2,0.15000000000000002,0.1,0.15000000000000002,0.2,0.2,0.2,4.46,3.875,3.29,3.79,4.29,3.265,2.24,2.9000000000000004,3.56,4.35,5.14,1.0,0.9,0.8,1.05,1.3,1.3,1.3,1.2000000000000002,1.1,1.1,1.1,17.6,16.060000000000002,14.52,19.53,24.54,24.765,24.99,23.79,22.59,23.235,23.88,2.7,2.55,2.4,2.3499999999999996,2.3,2.3,2.3,2.0999999999999996,1.9,2.0999999999999996,2.3,47.48,45.629999999999995,43.78,43.71,43.64,44.845,46.05,42.834999999999994,39.62,43.55,47.48,0.5,0.55,0.6,0.5,0.4,0.55,0.7,1.0,1.3,1.05,0.8,8.56,10.14,11.72,9.39,7.06,10.0,12.94,20.12,27.3,21.77,16.24
23,Quintana Roo,15.3,21.35,27.4,31.5,35.6,36.0,36.4,36.7,37.0,37.15,37.3,194.83,283.795,372.76,444.985,517.21,539.185,561.16,582.77,604.38,623.29,642.2,37.0,38.55,40.1,39.1,38.1,39.25,40.4,40.95,41.5,42.7,43.9,470.07,508.02,545.97,549.6,553.23,588.13,623.03,650.01,676.99,716.89,756.79,7.6,7.4,7.2,7.4,7.6,7.4,7.2,7.300000000000001,7.4,6.65,5.9,97.17,97.45,97.73,104.32,110.91,111.32,111.73,116.07,120.41,111.3,102.19,0.5,0.3,0.1,0.1,0.1,0.1,0.1,0.05,0.0,0.0,0.0,6.17,3.76,1.35,1.185,1.02,0.905,0.79,0.61,0.43,0.27,0.11,0.9,0.7,0.5,0.55,0.6,0.7,0.8,0.6000000000000001,0.4,0.30000000000000004,0.2,11.18,9.165,7.15,7.930000000000001,8.71,10.855,13.0,9.56,6.12,4.87,3.62,0.8,1.05,1.3,1.0,0.7,0.7,0.7,0.9,1.1,0.8,0.5,10.0,13.98,17.96,13.715,9.47,10.504999999999999,11.54,14.615,17.69,13.24,8.79,4.3,3.8,3.3,2.8499999999999996,2.4,2.5999999999999996,2.8,3.0,3.2,3.05,2.9,55.01,50.31,45.61,40.485,35.36,38.965,42.57,47.235,51.9,50.565,49.23,0.2,0.15000000000000002,0.1,0.2,0.3,0.2,0.1,0.35,0.6,0.44999999999999996,0.3,2.63,2.255,1.88,3.11,4.34,2.935,1.53,5.5,9.47,7.23,4.99
24,San Luis Potosi,27.9,34.849999999999994,41.8,47.2,52.6,53.8,55.0,54.25,53.5,51.35,49.2,713.69,905.62,1097.55,1253.4650000000001,1409.38,1454.52,1499.66,1494.6950000000002,1489.73,1442.165,1394.6,29.2,31.9,34.6,32.7,30.8,31.35,31.9,33.3,34.7,36.400000000000006,38.1,748.17,828.4849999999999,908.8,867.525,826.25,847.425,868.6,917.76,966.92,1023.135,1079.35,6.1,6.449999999999999,6.8,5.949999999999999,5.1,5.3,5.5,5.95,6.4,5.7,5.0,156.29,167.20999999999998,178.13,157.05,135.97,142.6,149.23,163.32,177.41,159.95499999999998,142.5,0.1,0.1,0.1,0.1,0.1,0.05,0.0,0.1,0.2,0.2,0.2,3.39,3.425,3.46,2.415,1.37,0.685,0.0,2.235,4.47,4.6850000000000005,4.9,0.2,0.2,0.2,0.25,0.3,0.35,0.4,0.35,0.3,0.4,0.5,4.06,4.215,4.37,5.5600000000000005,6.75,8.42,10.09,9.105,8.12,11.204999999999998,14.29,0.6,1.05,1.5,1.15,0.8,0.8,0.8,0.75,0.7,0.8,0.9,15.96,28.105,40.25,30.689999999999998,21.13,21.46,21.79,20.384999999999998,18.98,21.53,24.08,2.0,1.95,1.9,1.7,1.5,1.5,1.5,1.55,1.6,1.4500000000000002,1.3,50.58,50.405,50.23,45.114999999999995,40.0,40.335,40.67,42.019999999999996,43.37,40.595,37.82,1.0,1.15,1.3,1.2000000000000002,1.1,0.9500000000000001,0.8,0.7,0.6,0.8,1.0,24.53,29.3,34.07,32.025,29.98,26.28,22.58,20.14,17.7,22.835,27.97
25,Sinaloa,22.8,26.75,30.7,35.0,39.3,39.15,39.0,38.5,38.0,35.95,33.9,637.23,757.2049999999999,877.18,1011.26,1145.34,1150.9299999999998,1156.52,1151.3899999999999,1146.26,1093.27,1040.28,37.7,39.85,42.0,42.15,42.3,42.349999999999994,42.4,45.05,47.7,48.85,50.0,1055.16,1127.49,1199.82,1214.935,1230.05,1243.83,1257.61,1349.085,1440.56,1486.71,1532.86,9.4,8.7,8.0,7.1,6.2,7.699999999999999,9.2,9.35,9.5,8.6,7.7,263.68,245.585,227.49,204.25,181.01,226.625,272.24,279.70500000000004,287.17,262.38,237.59,0.5,1.05,1.6,1.65,1.7,1.1,0.5,0.7,0.9,1.0,1.1,13.52,30.075,46.63,47.644999999999996,48.66,32.17,15.68,20.75,25.82,30.45,35.08,0.1,0.1,0.1,0.25,0.4,0.4,0.4,0.6000000000000001,0.8,0.65,0.5,3.14,3.6100000000000003,4.08,7.805,11.53,11.899999999999999,12.27,17.875,23.48,18.665,13.85,0.6,0.5,0.4,0.6000000000000001,0.8,0.8500000000000001,0.9,0.7,0.5,0.55,0.6,15.41,12.9,10.39,16.495,22.6,25.15,27.7,21.439999999999998,15.18,17.55,19.92,1.7,1.65,1.6,1.4500000000000002,1.3,1.5,1.7,1.5,1.3,1.4500000000000002,1.6,48.16,47.41,46.66,41.705,36.75,43.185,49.62,44.614999999999995,39.61,43.9,48.19,0.3,1.7000000000000002,3.1,1.6,0.1,0.30000000000000004,0.5,0.65,0.8,0.65,0.5,9.15,49.349999999999994,89.55,46.045,2.54,8.375,14.21,19.815,25.42,20.83,16.24
26,Sonora,14.7,18.35,22.0,27.1,32.2,31.900000000000002,31.6,32.1,32.6,32.05,31.5,389.85,495.28000000000003,600.71,755.1,909.49,912.975,916.46,945.01,973.56,968.4549999999999,963.35,46.9,45.9,44.9,44.25,43.6,46.150000000000006,48.7,48.2,47.7,50.55,53.4,1240.86,1233.02,1225.18,1226.91,1228.64,1320.545,1412.45,1417.505,1422.56,1529.28,1636.0,4.7,4.6,4.5,4.6,4.7,4.5,4.3,4.3,4.3,4.0,3.7,124.65,123.20500000000001,121.76,127.595,133.43,129.095,124.76,125.95500000000001,127.15,119.86500000000001,112.58,7.9,7.7,7.5,7.7,7.9,6.95,6.0,6.05,6.1,5.55,5.0,209.84,206.68,203.52,212.765,222.01,198.555,175.1,178.0,180.9,166.485,152.07,0.5,0.4,0.3,0.35,0.4,0.55,0.7,0.55,0.4,0.5,0.6,12.38,10.91,9.44,10.03,10.62,15.925,21.23,17.085,12.94,15.079999999999998,17.22,1.7,1.7999999999999998,1.9,2.0,2.1,2.2,2.3,2.05,1.8,1.5,1.2,45.2,48.27,51.34,54.6,57.86,62.96,68.06,61.18,54.3,44.86,35.42,2.9,3.3,3.7,3.3,2.9,2.7,2.5,2.55,2.6,2.25,1.9,76.03,87.86,99.69,90.895,82.1,76.68,71.26,73.91,76.56,67.465,58.37,1.0,0.8,0.6,0.44999999999999996,0.3,0.7,1.1,0.8,0.5,0.65,0.8,25.48,20.75,16.02,12.085,8.15,19.83,31.51,23.485,15.46,19.665,23.87
27,Tabasco,45.9,48.3,50.7,51.75,52.8,52.95,53.1,56.25,59.4,59.349999999999994,59.3,1013.87,1080.205,1146.54,1184.105,1221.67,1236.8600000000001,1252.05,1343.115,1434.18,1446.33,1458.48,13.7,14.85,16.0,16.5,17.0,17.45,17.9,18.6,19.3,19.9,20.5,302.04,331.74,361.44,376.88,392.32,406.9,421.48,443.53,465.58,484.82,504.06,3.0,3.1,3.2,3.25,3.3,3.65,4.0,3.5,3.0,3.0,3.0,65.26,68.5,71.74,73.79499999999999,75.85,85.54499999999999,95.24,84.07,72.9,73.91,74.92,5.5,5.85,6.2,6.4,6.6,4.699999999999999,2.8,4.55,6.3,5.75,5.2,120.66,130.47,140.28,146.64499999999998,153.01,109.32,65.63,108.94,152.25,139.77,127.29,3.5,3.5,3.5,4.25,5.0,4.75,4.5,3.7,2.9,3.3,3.7,77.66,77.91,78.16,96.85,115.54,111.09,106.64,88.685,70.73,81.295,91.86,0.2,0.25,0.3,0.4,0.5,0.55,0.6,0.44999999999999996,0.3,0.35,0.4,3.34,4.915,6.49,9.245000000000001,12.0,13.434999999999999,14.87,10.959999999999999,7.05,8.68,10.31,1.7,1.7,1.7,1.85,2.0,2.05,2.1,1.75,1.4,1.45,1.5,37.76,38.295,38.83,42.455,46.08,47.745,49.41,41.185,32.96,35.445,37.93,1.4,0.8999999999999999,0.4,0.45,0.5,2.35,4.2,2.8,1.4,0.8999999999999999,0.4,31.37,20.12,8.87,10.19,11.51,55.404999999999994,99.3,66.27,33.24,22.1,10.96
28,Tamaulipas,23.3,25.65,28.0,33.45,38.9,37.349999999999994,35.8,35.55,35.3,34.15,33.0,756.02,845.49,934.96,1134.955,1334.95,1296.02,1257.09,1263.895,1270.7,1241.12,1211.54,37.6,39.0,40.4,39.0,37.6,40.900000000000006,44.2,45.3,46.4,46.4,46.4,1220.99,1285.13,1349.27,1319.23,1289.19,1419.95,1550.71,1609.12,1667.53,1685.9650000000001,1704.4,6.1,6.199999999999999,6.3,6.55,6.8,6.85,6.9,6.65,6.4,6.300000000000001,6.2,197.27,204.655,212.04,223.39999999999998,234.76,238.64,242.52,236.15,229.78,228.905,228.03,0.1,0.1,0.1,0.1,0.1,0.05,0.0,0.65,1.3,1.6,1.9,3.8,2.77,1.74,2.515,3.29,1.645,0.0,24.265,48.53,60.055,71.58,4.6,4.55,4.5,4.65,4.8,3.75,2.7,2.0,1.3,1.75,2.2,150.82,150.69,150.56,157.43,164.3,128.645,92.99,70.255,47.52,63.730000000000004,79.94,0.6,0.6,0.6,0.55,0.5,0.75,1.0,0.95,0.9,0.75,0.6,18.95,18.740000000000002,18.53,18.275,18.02,25.994999999999997,33.97,32.53,31.09,26.225,21.36,2.7,2.5,2.3,2.0999999999999996,1.9,2.0,2.1,2.25,2.4,2.2,2.0,88.6,82.53,76.46,69.96,63.46,67.77,72.08,78.88499999999999,85.69,78.66499999999999,71.64,2.4,2.4,2.4,2.1,1.8,1.6,1.4,1.2999999999999998,1.2,0.8999999999999999,0.6,77.17,78.61,80.05,70.825,61.6,55.535,49.47,46.504999999999995,43.54,32.465,21.39
29,Tlaxcala,25.8,32.35,38.9,44.9,50.9,55.7,60.5,63.3,66.1,62.25,58.4,297.29,380.745,464.2,545.22,626.24,695.49,764.74,811.995,859.25,819.6700000000001,780.09,20.5,21.1,21.7,21.549999999999997,21.4,21.7,22.0,24.05,26.1,27.5,28.9,236.47,247.5,258.53,261.09,263.65,271.125,278.6,309.23,339.86,362.615,385.37,5.8,6.5,7.2,6.75,6.3,5.8,5.3,5.55,5.8,5.4,5.0,67.34,76.43,85.52,81.675,77.83,72.685,67.54,71.315,75.09,71.17500000000001,67.26,0.3,0.2,0.1,0.25,0.4,0.25,0.1,0.15000000000000002,0.2,0.30000000000000004,0.4,3.18,1.9200000000000002,0.66,2.485,4.31,2.8249999999999997,1.34,1.69,2.04,3.44,4.84,0.9,0.6,0.3,0.35,0.4,0.45,0.5,0.35,0.2,0.4,0.6,10.39,7.1000000000000005,3.81,4.19,4.57,5.76,6.95,4.985,3.02,5.4399999999999995,7.86,0.1,0.15000000000000002,0.2,0.25,0.3,0.3,0.3,0.25,0.2,0.25,0.3,1.08,1.885,2.69,2.985,3.28,3.36,3.44,2.88,2.32,2.98,3.64,2.2,1.9500000000000002,1.7,1.65,1.6,1.3,1.0,0.95,0.9,0.8500000000000001,0.8,24.94,22.505000000000003,20.07,19.61,19.15,16.165,13.18,12.645,12.11,11.54,10.97,0.4,0.45,0.5,0.65,0.8,0.9,1.0,0.7,0.4,0.55,0.7,4.5,5.38,6.26,8.184999999999999,10.11,11.545,12.98,9.235,5.49,7.74,9.99
30,Veracruz,25.4,30.099999999999998,34.8,40.25,45.7,48.05,50.4,51.9,53.4,53.15,52.9,1923.33,2305.98,2688.63,3140.1000000000004,3591.57,3809.735,4027.9,4182.175,4336.45,4345.110000000001,4353.77,24.0,23.6,23.2,24.1,25.0,24.65,24.3,23.200000000000003,22.1,24.4,26.7,1820.87,1806.4299999999998,1791.99,1878.8899999999999,1965.79,1955.3899999999999,1944.99,1871.9650000000001,1798.94,1999.865,2200.79,3.1,3.2,3.3,3.8,4.3,3.65,3.0,3.85,4.7,4.45,4.2,233.27,244.85000000000002,256.43,299.08500000000004,341.74,291.16,240.58,309.595,378.61,360.295,341.98,0.1,0.25,0.4,0.30000000000000004,0.2,0.15000000000000002,0.1,0.05,0.0,0.05,0.1,4.98,16.134999999999998,27.29,23.43,19.57,13.465,7.36,3.68,0.0,3.08,6.16,3.5,3.85,4.2,3.4000000000000004,2.6,3.0,3.4,3.25,3.1,2.8,2.5,267.36,296.99,326.62,264.795,202.97,238.125,273.28,264.49,255.7,232.74,209.78,0.4,0.25,0.1,0.30000000000000004,0.5,0.45,0.4,0.30000000000000004,0.2,0.15000000000000002,0.1,28.75,19.81,10.87,23.72,36.57,33.61,30.65,24.384999999999998,18.12,15.105,12.09,1.6,1.65,1.7,1.45,1.2,1.2999999999999998,1.4,1.35,1.3,1.1,0.9,123.74,128.81,133.88,114.04499999999999,94.21,101.83,109.45,106.91,104.37,89.94,75.51,0.1,0.35,0.6,0.35,0.1,0.15000000000000002,0.2,0.2,0.2,0.4,0.6,10.6,29.585,48.57,29.315,10.06,11.055,12.05,14.805,17.56,31.905,46.25
31,Yucatan,25.0,29.55,34.1,39.650000000000006,45.2,44.1,43.0,44.15,45.3,43.2,41.1,483.04,579.405,675.77,798.985,922.2,909.7,897.2,936.595,975.99,941.15,906.31,39.8,40.3,40.8,38.8,36.8,37.9,39.0,38.75,38.5,39.75,41.0,767.93,788.22,808.51,780.125,751.74,782.755,813.77,821.3050000000001,828.84,866.975,905.11,4.6,4.5,4.4,4.7,5.0,4.95,4.9,5.0,5.1,5.0,4.9,89.5,88.595,87.69,94.46000000000001,101.23,101.48,101.73,105.605,109.48,108.785,108.09,0.4,0.4,0.4,0.30000000000000004,0.2,0.25,0.3,0.35,0.4,0.30000000000000004,0.2,7.96,7.885,7.81,6.125,4.44,4.93,5.42,6.88,8.34,6.41,4.48,0.6,0.55,0.5,0.7,0.9,0.95,1.0,0.85,0.7,0.8,0.9,10.84,10.825,10.81,14.580000000000002,18.35,19.665,20.98,17.7,14.42,16.775,19.13,0.6,0.6,0.6,0.75,0.9,1.1,1.3,1.05,0.8,0.8500000000000001,0.9,11.51,11.93,12.35,15.274999999999999,18.2,22.585,26.97,22.115000000000002,17.26,19.0,20.74,2.3,2.0,1.7,1.45,1.2,1.65,2.1,1.8,1.5,1.65,1.8,44.56,39.22,33.88,29.53,25.18,34.9,44.62,38.76,32.9,35.849999999999994,38.8,1.3,1.5,1.7,1.05,0.4,0.55,0.7,0.6,0.5,0.6,0.7,24.85,28.835,32.82,20.990000000000002,9.16,11.495000000000001,13.83,12.809999999999999,11.79,13.305,14.82
32,Zacatecas,31.7,37.5,43.3,47.65,52.0,54.95,57.9,58.25,58.6,56.95,55.3,469.41,562.0500000000001,654.69,727.715,800.74,853.39,906.04,919.645,933.25,912.8,892.35,27.0,26.65,26.3,27.15,28.0,28.3,28.6,29.15,29.7,29.95,30.2,399.1,398.795,398.49,414.78999999999996,431.09,439.85,448.61,461.02,473.43,480.70000000000005,487.97,8.3,7.6000000000000005,6.9,7.75,8.6,6.699999999999999,4.8,5.699999999999999,6.6,6.199999999999999,5.8,122.47,113.77,105.07,118.505,131.94,103.58500000000001,75.23,90.51,105.79,99.665,93.54,0.1,0.05,0.0,0.0,0.0,0.0,0.0,0.25,0.5,0.45,0.4,1.19,0.7749999999999999,0.36,0.18,0.0,0.11,0.22,4.244999999999999,8.27,7.765,7.26,0.3,0.2,0.1,0.2,0.3,0.35,0.4,0.25,0.1,0.15000000000000002,0.2,4.42,3.12,1.82,3.33,4.84,5.895,6.95,3.97,0.99,1.7799999999999998,2.57,0.4,0.35,0.3,0.55,0.8,0.6000000000000001,0.4,0.30000000000000004,0.2,0.25,0.3,6.14,5.705,5.27,8.44,11.61,8.775,5.94,4.485,3.03,3.95,4.87,1.5,1.45,1.4,1.15,0.9,0.8500000000000001,0.8,0.9500000000000001,1.1,0.9500000000000001,0.8,21.73,21.705,21.68,17.415,13.15,12.885,12.62,14.91,17.2,14.76,12.32,0.2,0.1,0.0,0.1,0.2,0.1,0.0,0.15,0.3,0.2,0.1,3.3,1.96,0.62,2.17,3.72,2.21,0.7,2.8200000000000003,4.94,3.615,2.29
