Id,Estado,porc_pob_seguridad_aliment_2008,porc_pob_seguridad_aliment_2009,porc_pob_seguridad_aliment_2010,porc_pob_seguridad_aliment_2011,porc_pob_seguridad_aliment_2012,porc_pob_seguridad_aliment_2013,porc_pob_seguridad_aliment_2014,porc_pob_seguridad_aliment_2015,porc_pob_seguridad_aliment_2016,porc_pob_seguridad_aliment_2017,porc_pob_seguridad_aliment_2018,miles_perso_seguridad_aliment_2008,miles_perso_seguridad_aliment_2009,miles_perso_seguridad_aliment_2010,miles_perso_seguridad_aliment_2011,miles_perso_seguridad_aliment_2012,miles_perso_seguridad_aliment_2013,miles_perso_seguridad_aliment_2014,miles_perso_seguridad_aliment_2015,miles_perso_seguridad_aliment_2016,miles_perso_seguridad_aliment_2017,miles_perso_seguridad_aliment_2018,porc_pob_inseguridad_aliment_leve_2008,porc_pob_inseguridad_aliment_leve_2009,porc_pob_inseguridad_aliment_leve_2010,porc_pob_inseguridad_aliment_leve_2011,porc_pob_inseguridad_aliment_leve_2012,porc_pob_inseguridad_aliment_leve_2013,porc_pob_inseguridad_aliment_leve_2014,porc_pob_inseguridad_aliment_leve_2015,porc_pob_inseguridad_aliment_leve_2016,porc_pob_inseguridad_aliment_leve_2017,porc_pob_inseguridad_aliment_leve_2018,miles_perso_inseguridad_aliment_leve_2008,miles_perso_inseguridad_aliment_leve_2009,miles_perso_inseguridad_aliment_leve_2010,miles_perso_inseguridad_aliment_leve_2011,miles_perso_inseguridad_aliment_leve_2012,miles_perso_inseguridad_aliment_leve_2013,miles_perso_inseguridad_aliment_leve_2014,miles_perso_inseguridad_aliment_leve_2015,miles_perso_inseguridad_aliment_leve_2016,miles_perso_inseguridad_aliment_leve_2017,miles_perso_inseguridad_aliment_leve_2018,porc_pob_inseguridad_aliment_moderada_2008,porc_pob_inseguridad_aliment_moderada_2009,porc_pob_inseguridad_aliment_moderada_2010,porc_pob_inseguridad_aliment_moderada_2011,porc_pob_inseguridad_aliment_moderada_2012,porc_pob_inseguridad_aliment_moderada_2013,porc_pob_inseguridad_aliment_moderada_2014,porc_pob_inseguridad_aliment_moderada_2015,porc_pob_inseguridad_aliment_moderada_2016,porc_pob_inseguridad_aliment_moderada_2017,porc_pob_inseguridad_aliment_moderada_2018,miles_perso_inseguridad_aliment_moderada_2008,miles_perso_inseguridad_aliment_moderada_2009,miles_perso_inseguridad_aliment_moderada_2010,miles_perso_inseguridad_aliment_moderada_2011,miles_perso_inseguridad_aliment_moderada_2012,miles_perso_inseguridad_aliment_moderada_2013,miles_perso_inseguridad_aliment_moderada_2014,miles_perso_inseguridad_aliment_moderada_2015,miles_perso_inseguridad_aliment_moderada_2016,miles_perso_inseguridad_aliment_moderada_2017,miles_perso_inseguridad_aliment_moderada_2018,porc_pob_inseguridad_aliment_severa_2008,porc_pob_inseguridad_aliment_severa_2009,porc_pob_inseguridad_aliment_severa_2010,porc_pob_inseguridad_aliment_severa_2011,porc_pob_inseguridad_aliment_severa_2012,porc_pob_inseguridad_aliment_severa_2013,porc_pob_inseguridad_aliment_severa_2014,porc_pob_inseguridad_aliment_severa_2015,porc_pob_inseguridad_aliment_severa_2016,porc_pob_inseguridad_aliment_severa_2017,porc_pob_inseguridad_aliment_severa_2018,miles_perso_inseguridad_aliment_severa_2008,miles_perso_inseguridad_aliment_severa_2009,miles_perso_inseguridad_aliment_severa_2010,miles_perso_inseguridad_aliment_severa_2011,miles_perso_inseguridad_aliment_severa_2012,miles_perso_inseguridad_aliment_severa_2013,miles_perso_inseguridad_aliment_severa_2014,miles_perso_inseguridad_aliment_severa_2015,miles_perso_inseguridad_aliment_severa_2016,miles_perso_inseguridad_aliment_severa_2017,miles_perso_inseguridad_aliment_severa_2018
1,Aguascalientes,60.4,60.849999999999994,61.3,62.3,63.3,61.95,60.6,63.05,65.5,68.9,72.3,698.12,716.355,734.59,759.24,783.89,777.6800000000001,771.47,814.9449999999999,858.42,914.39,970.36,19.5,19.0,18.5,16.85,15.2,16.549999999999997,17.9,17.6,17.3,16.0,14.7,225.93,223.62,221.31,204.685,188.06,207.96,227.86,227.065,226.27,212.06,197.85,11.0,10.95,10.9,10.65,10.4,11.100000000000001,11.8,10.7,9.6,8.5,7.4,126.97,128.8,130.63,129.685,128.74,139.45,150.16,137.845,125.53,112.555,99.58,9.1,9.2,9.3,10.2,11.1,10.45,9.8,8.7,7.6,6.6,5.6,105.65,108.6,111.55,124.57499999999999,137.6,130.98,124.36,112.035,99.71,87.25,74.79
2,Baja California,73.0,72.95,72.9,73.65,74.4,73.0,71.6,72.15,72.7,73.80000000000001,74.9,2275.46,2316.6949999999997,2357.93,2423.25,2488.57,2477.13,2465.69,2523.895,2582.1,2656.585,2731.07,12.9,11.850000000000001,10.8,10.55,10.3,10.75,11.2,11.75,12.3,11.65,11.0,402.48,375.27,348.06,346.71000000000004,345.36,365.97,386.58,411.625,436.67,418.78,400.89,7.2,7.949999999999999,8.7,9.75,10.8,10.350000000000001,9.9,9.3,8.7,8.3,7.9,224.15,253.09500000000003,282.04,322.045,362.05,351.99,341.93,325.345,308.76,298.135,287.51,6.9,7.25,7.6,6.0,4.4,5.85,7.3,6.75,6.2,6.25,6.3,216.58,231.965,247.35,197.57999999999998,147.81,198.86,249.91,235.85,221.79,225.22,228.65
3,Baja California Sur,71.0,64.4,57.8,61.75,65.7,62.35,59.0,61.7,64.4,65.45,66.5,434.13,406.4,378.67,419.765,460.86,450.925,440.99,476.03499999999997,511.08,534.685,558.29,13.5,14.8,16.1,14.25,12.4,14.399999999999999,16.4,16.4,16.4,16.049999999999997,15.7,82.76,94.23,105.7,96.50999999999999,87.32,105.12,122.92,126.64500000000001,130.37,130.97,131.57,7.9,10.100000000000001,12.3,11.2,10.1,11.6,13.1,12.25,11.4,10.850000000000001,10.3,48.15,64.41,80.67,75.89,71.11,84.495,97.88,94.275,90.67,88.655,86.64,7.5,10.6,13.7,12.75,11.8,11.65,11.5,9.65,7.8,7.65,7.5,46.05,67.925,89.8,86.15,82.5,84.14,85.78,73.74000000000001,61.7,62.44,63.18
4,Campeche,56.7,53.150000000000006,49.6,56.1,62.6,57.25,51.9,52.25,52.6,52.3,52.0,461.52,439.6,417.68,480.69000000000005,543.7,504.47,465.24,476.005,486.77,491.0,495.23,23.0,21.1,19.2,18.95,18.7,21.299999999999997,23.9,22.85,21.8,21.200000000000003,20.6,187.05,174.435,161.82,161.93,162.04,188.07,214.1,207.95999999999998,201.82,198.765,195.71,11.7,14.0,16.3,13.2,10.1,12.2,14.3,14.600000000000001,14.9,15.45,16.0,94.97,116.03,137.09,112.56,88.03,108.165,128.3,132.95,137.6,144.87,152.14,8.6,11.75,14.9,11.75,8.6,9.3,10.0,10.35,10.7,11.1,11.5,69.99,97.745,125.5,100.10499999999999,74.71,82.00999999999999,89.31,94.27000000000001,99.23,104.215,109.2
5,Chiapas,46.1,45.650000000000006,45.2,47.8,50.4,46.95,43.5,47.25,51.0,49.4,47.8,2204.69,2214.675,2224.66,2388.1899999999996,2551.72,2407.085,2262.45,2492.04,2721.63,2667.07,2612.51,27.7,26.1,24.5,24.7,24.9,26.9,28.9,29.25,29.6,29.700000000000003,29.8,1323.75,1266.06,1208.37,1234.2399999999998,1260.11,1382.3449999999998,1504.58,1541.59,1578.6,1604.375,1630.15,15.6,16.25,16.9,15.299999999999999,13.7,15.95,18.2,15.649999999999999,13.1,13.85,14.6,748.17,790.595,833.02,762.46,691.9,819.19,946.48,823.55,700.62,748.375,796.13,10.6,12.0,13.4,12.25,11.1,10.2,9.3,7.800000000000001,6.3,7.05,7.8,504.87,582.55,660.23,610.35,560.47,522.265,484.06,410.185,336.31,380.435,424.56
6,Chihuahua,65.1,67.65,70.2,69.75,69.3,67.65,66.0,64.7,63.4,66.0,68.6,2241.81,2362.225,2482.64,2492.91,2503.18,2466.49,2429.8,2405.4700000000003,2381.14,2504.12,2627.1,17.6,14.850000000000001,12.1,12.2,12.3,13.8,15.3,16.85,18.4,16.049999999999997,13.7,605.71,516.26,426.81,434.89,442.97,502.555,562.14,627.365,692.59,607.495,522.4,7.6,8.1,8.6,9.7,10.8,9.8,8.8,9.3,9.8,9.600000000000001,9.4,263.09,283.075,303.06,345.71500000000003,388.37,356.72,325.07,347.48,369.89,364.13,358.37,9.7,9.399999999999999,9.1,8.35,7.6,8.75,9.9,9.100000000000001,8.3,8.3,8.3,335.12,328.495,321.87,298.70500000000004,275.54,319.22,362.9,338.145,313.39,316.195,319.0
7,Ciudad De Mexico,63.7,67.25,70.8,71.35,71.9,74.4,76.9,75.55000000000001,74.2,73.75,73.3,5687.8,5990.045,6292.29,6337.745,6383.2,6583.08,6782.96,6663.360000000001,6543.76,6491.5650000000005,6439.37,20.7,17.2,13.7,14.35,15.0,13.2,11.4,12.850000000000001,14.3,13.55,12.8,1850.94,1532.96,1214.98,1274.52,1334.06,1169.845,1005.63,1134.75,1263.87,1193.9,1123.93,10.4,9.15,7.9,8.95,10.0,9.1,8.2,7.699999999999999,7.2,8.35,9.5,926.31,812.1199999999999,697.93,794.025,890.12,806.56,723.0,679.8399999999999,636.68,734.815,832.95,5.2,6.45,7.7,5.35,3.0,3.25,3.5,3.9,4.3,4.35,4.4,464.18,573.755,683.33,475.36,267.39,287.945,308.5,343.015,377.53,381.29999999999995,385.07
8,Coahuila,61.2,60.35,59.5,58.65,57.8,58.599999999999994,59.4,63.650000000000006,67.9,67.80000000000001,67.7,1658.15,1659.705,1661.26,1657.3400000000001,1653.42,1698.9450000000002,1744.47,1892.24,2040.01,2060.15,2080.29,21.9,20.799999999999997,19.7,20.4,21.1,19.85,18.6,17.3,16.0,15.0,14.0,593.15,571.2149999999999,549.28,575.99,602.7,573.655,544.61,512.87,481.13,456.46000000000004,431.79,10.4,10.8,11.2,10.85,10.5,11.25,12.0,10.55,9.1,9.649999999999999,10.2,281.3,297.125,312.95,306.98,301.01,326.485,351.96,313.31,274.66,293.4,312.14,6.5,8.05,9.6,10.149999999999999,10.7,10.35,10.0,8.5,7.0,7.55,8.1,174.82,220.68,266.54,285.78,305.02,299.91999999999996,294.82,252.415,210.01,229.655,249.3
9,Colima,66.1,64.94999999999999,63.8,62.5,61.2,59.25,57.3,59.3,61.3,61.65,62.0,418.27,420.80499999999995,423.34,422.49,421.64,414.995,408.35,430.675,453.0,463.29499999999996,473.59,19.6,18.0,16.4,16.45,16.5,16.9,17.3,17.450000000000003,17.6,16.950000000000003,16.3,123.7,116.125,108.55,111.255,113.96,118.65,123.34,126.755,130.17,127.41999999999999,124.67,8.1,10.2,12.3,11.8,11.3,12.350000000000001,13.4,13.05,12.7,12.7,12.7,50.93,66.19,81.45,79.53999999999999,77.63,86.705,95.78,94.96000000000001,94.14,95.49000000000001,96.84,6.3,6.949999999999999,7.6,9.3,11.0,11.5,12.0,10.2,8.4,8.65,8.9,39.8,45.084999999999994,50.37,63.175,75.98,80.83000000000001,85.68,73.915,62.15,65.175,68.2
10,Durango,50.2,57.05,63.9,64.35,64.8,64.4,64.0,63.2,62.4,64.5,66.6,820.93,946.02,1071.11,1091.17,1111.23,1115.78,1120.33,1117.79,1115.25,1163.495,1211.74,27.7,21.75,15.8,14.8,13.8,14.950000000000001,16.1,17.55,19.0,16.85,14.7,453.25,359.08500000000004,264.92,250.835,236.75,259.28999999999996,281.83,310.90999999999997,339.99,303.65,267.31,11.7,10.899999999999999,10.1,11.2,12.3,11.5,10.7,10.75,10.8,10.9,11.0,191.19,180.18,169.17,190.49,211.81,200.01999999999998,188.23,190.79500000000002,193.36,196.53500000000003,199.71,10.3,10.25,10.2,9.649999999999999,9.1,9.149999999999999,9.2,8.5,7.8,7.8,7.8,168.48,169.415,170.35,162.95999999999998,155.57,158.29500000000002,161.02,149.95499999999998,138.89,140.44,141.99
11,Guanajuato,49.5,54.4,59.3,55.349999999999994,51.4,55.45,59.5,59.95,60.4,61.45,62.5,2698.45,3002.6899999999996,3306.93,3112.935,2918.94,3174.09,3429.24,3488.795,3548.35,3638.465,3728.58,23.4,20.15,16.9,18.5,20.1,18.85,17.6,18.75,19.9,18.35,16.8,1278.91,1110.99,943.07,1043.69,1144.31,1078.24,1012.17,1089.605,1167.04,1084.595,1002.15,17.0,15.25,13.5,13.6,13.7,13.85,14.0,12.75,11.5,11.75,12.0,924.74,838.7950000000001,752.85,766.2850000000001,779.72,792.0699999999999,804.42,739.89,675.36,694.845,714.33,10.1,10.149999999999999,10.2,12.45,14.7,11.85,9.0,8.65,8.3,8.5,8.7,553.28,561.87,570.46,703.905,837.35,677.6,517.85,502.315,486.78,503.34499999999997,519.91
12,Guerrero,31.3,30.85,30.4,29.85,29.3,32.35,35.4,40.55,45.7,41.0,36.3,1059.78,1053.635,1047.49,1037.99,1028.49,1142.99,1257.49,1449.115,1640.74,1479.7150000000001,1318.69,34.7,30.8,26.9,29.049999999999997,31.2,28.65,26.1,26.3,26.5,27.3,28.1,1177.57,1053.4,929.23,1011.78,1094.33,1010.8499999999999,927.37,940.085,952.8,986.41,1020.02,22.0,24.1,26.2,24.95,23.7,22.6,21.5,19.05,16.6,18.55,20.5,744.95,823.7750000000001,902.6,866.0,829.4,795.815,762.23,678.625,595.02,669.075,743.13,12.0,14.25,16.5,16.15,15.8,16.4,17.0,14.15,11.3,13.2,15.1,406.79,487.82500000000005,568.86,560.86,552.86,578.0250000000001,603.19,504.255,405.32,476.26,547.2
13,Hidalgo,47.4,47.45,47.5,48.8,50.1,48.6,47.1,48.3,49.5,51.65,53.8,1240.68,1261.8899999999999,1283.1,1337.6399999999999,1392.18,1366.825,1341.47,1393.725,1445.98,1526.6399999999999,1607.3,28.7,26.1,23.5,24.2,24.9,23.1,21.3,23.65,26.0,24.75,23.5,750.08,692.595,635.11,663.385,691.66,648.73,605.8,683.3299999999999,760.86,732.04,703.22,15.0,15.95,16.9,15.899999999999999,14.9,16.7,18.5,17.45,16.4,15.399999999999999,14.4,392.37,424.59000000000003,456.81,435.935,415.06,470.65,526.24,502.91499999999996,479.59,454.955,430.32,8.9,10.5,12.1,11.05,10.0,11.6,13.2,10.6,8.0,8.15,8.3,232.96,279.89,326.82,302.84000000000003,278.86,327.82500000000005,376.79,305.895,235.0,242.225,249.45
14,Jalisco,60.5,58.8,57.1,58.6,60.1,64.3,68.5,67.75,67.0,68.45,69.9,4381.74,4322.705,4263.67,4437.005,4610.34,4997.280000000001,5384.22,5388.055,5391.89,5567.77,5743.65,21.6,21.25,20.9,20.1,19.3,17.15,15.0,16.3,17.6,16.3,15.0,1564.91,1562.495,1560.08,1518.905,1477.73,1327.495,1177.26,1297.0549999999998,1416.85,1326.7649999999999,1236.68,10.2,11.25,12.3,12.350000000000001,12.4,10.850000000000001,9.3,9.65,10.0,9.5,9.0,741.28,830.995,920.71,933.935,947.16,838.035,728.91,768.5550000000001,808.2,772.895,737.59,7.6,8.649999999999999,9.7,9.0,8.3,7.800000000000001,7.3,6.35,5.4,5.75,6.1,553.48,638.21,722.94,677.815,632.69,601.53,570.37,501.03499999999997,431.7,468.24,504.78
15,Mexico,55.1,51.8,48.5,54.3,60.1,59.900000000000006,59.7,58.55,57.4,58.75,60.1,8318.31,7957.68,7597.05,8652.685,9708.32,9827.76,9947.2,9909.865000000002,9872.53,10246.615000000002,10620.7,23.7,21.799999999999997,19.9,21.1,22.3,20.65,19.0,20.4,21.8,20.9,20.0,3579.38,3346.165,3112.95,3356.27,3599.59,3387.5950000000003,3175.6,3460.5299999999997,3745.46,3642.85,3540.24,13.8,17.1,20.4,16.35,12.3,12.4,12.5,12.7,12.9,12.350000000000001,11.8,2082.3,2634.835,3187.37,2589.01,1990.65,2038.345,2086.04,2150.855,2215.67,2152.08,2088.49,7.4,9.3,11.2,8.3,5.4,7.1000000000000005,8.8,8.350000000000001,7.9,7.95,8.0,1119.49,1435.52,1751.55,1309.475,867.4,1165.825,1464.25,1410.6599999999999,1357.07,1387.21,1417.35
16,Michoacan,43.7,46.400000000000006,49.1,49.2,49.3,46.25,43.2,47.35,51.5,54.45,57.4,1899.25,2038.285,2177.32,2199.2799999999997,2221.24,2098.755,1976.27,2182.285,2388.3,2540.785,2693.27,24.5,23.25,22.0,20.2,18.4,20.25,22.1,22.35,22.6,22.1,21.6,1063.8,1019.63,975.46,902.955,830.45,920.6400000000001,1010.83,1028.605,1046.38,1029.8200000000002,1013.26,19.0,17.4,15.8,17.1,18.4,18.4,18.4,16.35,14.3,13.65,13.0,828.02,764.525,701.03,764.63,828.23,834.46,840.69,752.655,664.62,637.0,609.38,12.8,12.9,13.0,13.4,13.8,15.05,16.3,13.95,11.6,9.85,8.1,555.54,566.2149999999999,576.89,599.5899999999999,622.29,683.12,743.95,640.685,537.42,458.395,379.37
17,Morelos,45.4,51.8,58.2,51.25,44.3,46.2,48.1,52.650000000000006,57.2,55.45,53.7,797.66,925.03,1052.4,937.355,822.31,868.015,913.72,1014.8050000000001,1115.89,1093.39,1070.89,29.6,24.75,19.9,22.45,25.0,25.05,25.1,24.200000000000003,23.3,22.5,21.7,519.69,439.41,359.13,411.28499999999997,463.44,470.175,476.91,465.18,453.45,443.15,432.85,16.2,15.05,13.9,16.3,18.7,16.9,15.1,14.35,13.6,14.55,15.5,284.6,267.8,251.0,299.08500000000004,347.17,316.78,286.39,275.71,265.03,287.375,309.72,8.8,8.45,8.1,10.05,12.0,11.9,11.8,8.850000000000001,5.9,7.5,9.1,154.46,150.365,146.27,184.57,222.87,223.465,224.06,169.575,115.09,147.88,180.67
18,Nayarit,59.5,57.0,54.5,51.0,47.5,51.0,54.5,56.25,58.0,60.65,63.3,632.49,619.97,607.45,579.8900000000001,552.33,605.165,658.0,692.55,727.1,774.1800000000001,821.26,22.4,22.15,21.9,22.799999999999997,23.7,22.5,21.3,21.65,22.0,19.9,17.8,237.98,241.11,244.24,259.82500000000005,275.41,266.495,257.58,266.81,276.04,253.28000000000003,230.52,9.9,11.25,12.6,13.8,15.0,14.45,13.9,12.95,12.0,11.3,10.6,105.73,122.97,140.21,157.435,174.66,171.095,167.53,158.975,150.42,143.75,137.08,8.2,9.649999999999999,11.1,12.45,13.8,12.05,10.3,9.100000000000001,7.9,8.100000000000001,8.3,87.65,105.505,123.36,141.63,159.9,141.835,123.77,111.52,99.27,103.685,108.1
19,Nuevo Leon,73.0,70.45,67.9,66.85,65.8,70.05,74.3,72.8,71.3,73.15,75.0,3334.58,3272.8,3211.02,3207.665,3204.31,3466.785,3729.26,3711.915,3694.57,3842.01,3989.45,16.3,16.4,16.5,16.55,16.6,14.100000000000001,11.6,12.95,14.3,13.55,12.8,743.3,761.4,779.5,794.2,808.9,695.23,581.56,660.615,739.67,711.31,682.95,5.4,6.6,7.8,8.55,9.3,8.4,7.5,7.5,7.5,7.1,6.7,247.72,308.17,368.62,411.865,455.11,416.34000000000003,377.57,382.265,386.96,372.935,358.91,5.3,6.6,7.9,8.100000000000001,8.3,7.45,6.6,6.75,6.9,6.15,5.4,243.72,308.0,372.28,388.61,404.94,369.14,333.34,345.525,357.71,323.85,289.99
20,Oaxaca,38.7,43.45,48.2,44.6,41.0,38.8,36.6,38.7,40.8,41.7,42.6,1474.03,1670.26,1866.49,1738.31,1610.13,1535.1350000000002,1460.14,1555.83,1651.52,1697.7649999999999,1744.01,32.7,29.1,25.5,26.45,27.4,27.35,27.3,27.55,27.8,28.65,29.5,1246.89,1116.67,986.45,1031.22,1075.99,1082.345,1088.7,1106.3899999999999,1124.08,1164.615,1205.15,15.0,15.25,15.5,16.9,18.3,19.85,21.4,20.0,18.6,17.55,16.5,572.16,586.0699999999999,599.98,659.98,719.98,786.655,853.33,803.4000000000001,753.47,714.455,675.44,13.6,12.25,10.9,12.100000000000001,13.3,14.0,14.7,13.7,12.7,12.05,11.4,516.5,469.65999999999997,422.82,473.725,524.63,555.7950000000001,586.96,551.175,515.39,491.09000000000003,466.79
21,Puebla,37.9,41.95,46.0,45.05,44.1,47.0,49.9,53.5,57.1,57.0,56.9,2177.21,2442.835,2708.46,2679.145,2649.83,2855.565,3061.3,3322.78,3584.26,3608.405,3632.55,35.0,30.7,26.4,26.1,25.8,26.0,26.2,24.5,22.8,22.55,22.3,2009.53,1780.945,1552.36,1552.255,1552.15,1580.915,1609.68,1518.565,1427.45,1425.795,1424.14,16.7,16.5,16.3,17.55,18.8,16.5,14.2,13.2,12.2,12.399999999999999,12.6,961.35,959.075,956.8,1042.6100000000001,1128.42,1001.05,873.68,820.55,767.42,787.29,807.16,10.3,10.8,11.3,11.350000000000001,11.4,10.5,9.6,8.75,7.9,8.05,8.2,592.47,628.29,664.11,674.53,684.95,637.235,589.52,541.295,493.07,508.655,524.24
22,Queretaro,60.3,58.75,57.2,58.05,58.9,62.8,66.7,66.85,67.0,69.2,71.4,1077.63,1068.145,1058.66,1093.585,1128.51,1223.125,1317.74,1343.415,1369.09,1433.76,1498.43,21.7,21.65,21.6,21.450000000000003,21.3,19.450000000000003,17.6,18.6,19.6,17.200000000000003,14.8,388.57,394.13,399.69,403.55,407.41,377.47,347.53,373.965,400.4,355.345,310.29,11.2,12.3,13.4,13.3,13.2,11.6,10.0,9.4,8.8,8.9,9.0,200.96,224.865,248.77,250.49,252.21,225.25,198.29,188.685,179.08,184.055,189.03,6.7,7.25,7.8,7.25,6.7,6.2,5.7,5.15,4.6,4.75,4.9,119.44,132.25,145.06,136.615,128.17,120.85,113.53,103.84,94.15,98.2,102.25
23,Quintana Roo,70.9,64.30000000000001,57.7,58.5,59.3,59.75,60.2,62.300000000000004,64.4,64.75,65.1,901.51,844.115,786.72,824.175,861.63,895.06,928.49,990.38,1052.27,1086.65,1121.03,14.3,17.35,20.4,21.2,22.0,19.25,16.5,17.85,19.2,18.1,17.0,181.76,230.13,278.5,299.265,320.03,287.27,254.51,283.71500000000003,312.92,302.875,292.83,9.3,11.15,13.0,11.35,9.7,10.649999999999999,11.6,10.75,9.9,9.95,10.0,117.94,147.26,176.58,158.445,140.31,159.18,178.05,169.87,161.69,166.85500000000002,172.02,5.5,7.15,8.8,8.9,9.0,10.35,11.7,9.1,6.5,7.2,7.9,69.57,95.03999999999999,120.51,125.28999999999999,130.07,155.11,180.15,143.08,106.01,121.35499999999999,136.7
24,San Luis Potosi,50.4,49.65,48.9,52.349999999999994,55.8,57.05,58.3,58.849999999999994,59.4,62.05,64.7,1290.97,1287.29,1283.61,1389.815,1496.02,1542.675,1589.33,1621.725,1654.12,1742.8049999999998,1831.49,26.2,23.6,21.0,20.25,19.5,19.75,20.0,20.25,20.5,19.45,18.4,671.7,611.485,551.27,536.585,521.9,533.9,545.9,558.4,570.9,545.605,520.31,12.5,13.45,14.4,13.5,12.6,12.25,11.9,11.75,11.6,10.85,10.1,320.52,349.075,377.63,357.23,336.83,329.96,323.09,323.445,323.8,304.945,286.09,10.8,13.25,15.7,13.899999999999999,12.1,10.95,9.8,9.15,8.5,7.65,6.8,277.77,344.92999999999995,412.09,368.55999999999995,325.03,295.945,266.86,251.5,236.14,215.05,193.96
25,Sinaloa,49.4,52.45,55.5,56.35,57.2,54.45,51.7,54.900000000000006,58.1,55.95,53.8,1380.34,1483.87,1587.4,1625.885,1664.37,1598.585,1532.8,1643.72,1754.64,1701.65,1648.66,27.9,23.95,20.0,18.5,17.0,17.85,18.7,18.9,19.1,20.4,21.7,779.38,675.275,571.17,532.4449999999999,493.72,523.385,553.05,564.9849999999999,576.92,621.355,665.79,12.6,13.2,13.8,13.05,12.3,13.8,15.3,13.65,12.0,12.9,13.8,353.63,373.84000000000003,394.05,375.985,357.92,405.83500000000004,453.75,408.185,362.62,392.38,422.14,10.1,10.399999999999999,10.7,12.149999999999999,13.6,13.95,14.3,12.5,10.7,10.75,10.8,282.32,294.745,307.17,351.13,395.09,409.945,424.8,374.21500000000003,323.63,326.74,329.85
26,Sonora,61.7,59.55,57.4,56.5,55.6,56.75,57.9,60.599999999999994,63.3,63.099999999999994,62.9,1632.45,1599.525,1566.6,1566.77,1566.94,1623.25,1679.56,1784.09,1888.62,1906.9699999999998,1925.32,17.0,16.9,16.8,17.6,18.4,17.85,17.3,16.5,15.7,15.649999999999999,15.6,449.99,454.83000000000004,459.67,489.59000000000003,519.51,510.385,501.26,485.485,469.71,473.525,477.34,8.2,9.399999999999999,10.6,11.6,12.6,13.1,13.6,12.149999999999999,10.7,11.25,11.8,217.11,252.805,288.5,321.6,354.7,374.1,393.5,355.76,318.02,339.015,360.01,13.0,14.1,15.2,14.3,13.4,12.350000000000001,11.3,10.8,10.3,10.05,9.8,344.28,380.03999999999996,415.8,397.525,379.25,353.645,328.04,317.8,307.56,303.43,299.3
27,Tabasco,43.3,47.15,51.0,49.9,48.8,45.099999999999994,41.4,37.75,34.1,34.25,34.4,956.04,1054.92,1153.8,1141.62,1129.44,1052.78,976.12,899.855,823.59,835.0,846.41,22.2,18.95,15.7,16.7,17.7,15.649999999999999,13.6,17.1,20.6,19.700000000000003,18.8,490.46,422.57,354.68,382.505,410.33,365.75,321.17,409.475,497.78,480.59,463.4,14.1,14.8,15.5,16.0,16.5,19.2,21.9,21.65,21.4,21.95,22.5,312.21,331.13,350.05,365.89,381.73,449.16,516.59,516.365,516.14,535.085,554.03,20.3,19.05,17.8,17.35,16.9,20.0,23.1,23.5,23.9,24.1,24.3,448.5,426.06,403.62,397.635,391.65,468.81,545.97,561.75,577.53,587.285,597.04
28,Tamaulipas,68.4,70.6,72.8,68.4,64.0,65.55,67.1,63.75,60.4,64.65,68.9,2219.74,2325.625,2431.51,2312.655,2193.8,2273.395,2352.99,2262.66,2172.33,2351.035,2529.74,19.8,16.7,13.6,15.25,16.9,15.149999999999999,13.4,16.85,20.3,17.35,14.4,641.53,548.4549999999999,455.38,517.03,578.68,525.045,471.41,601.12,730.83,629.48,528.13,6.0,6.65,7.3,8.75,10.2,10.7,11.2,11.95,12.7,11.3,9.9,195.74,219.385,243.03,296.09,349.15,371.155,393.16,424.08000000000004,455.0,408.95500000000004,362.91,5.8,6.05,6.3,7.65,9.0,8.65,8.3,7.45,6.6,6.75,6.9,186.74,199.345,211.95,260.025,308.1,299.73,291.36,264.09000000000003,236.82,244.19,251.56
29,Tlaxcala,39.0,46.75,54.5,50.75,47.0,50.55,54.1,54.55,55.0,56.3,57.6,450.64,550.425,650.21,614.425,578.64,631.2950000000001,683.95,699.405,714.86,741.5250000000001,768.19,36.2,28.75,21.3,22.9,24.5,23.2,21.9,22.4,22.9,22.549999999999997,22.2,417.45,335.725,254.0,277.97,301.94,289.495,277.05,287.405,297.76,297.13,296.5,15.8,15.0,14.2,15.25,16.3,15.15,14.0,13.9,13.8,13.3,12.8,182.63,176.2,169.77,184.91000000000003,200.05,188.66500000000002,177.28,178.575,179.87,175.39499999999998,170.92,9.0,9.45,9.9,11.0,12.1,11.05,10.0,9.15,8.3,7.8500000000000005,7.4,103.65,110.875,118.1,133.70999999999998,149.32,137.76999999999998,126.22,117.28999999999999,108.36,103.775,99.19
30,Veracruz,45.3,49.55,53.8,49.849999999999994,45.9,44.95,44.0,47.8,51.6,48.3,45.0,3432.65,3793.3999999999996,4154.15,3882.3199999999997,3610.49,3563.56,3516.63,3854.025,4191.42,3947.66,3703.9,29.1,24.6,20.1,23.0,25.9,25.95,26.0,26.1,26.2,27.15,28.1,2206.14,1879.9899999999998,1553.84,1795.945,2038.05,2057.105,2076.16,2101.895,2127.63,2219.06,2310.49,15.2,14.649999999999999,14.1,15.350000000000001,16.6,17.0,17.4,15.0,12.6,14.2,15.8,1150.74,1119.865,1088.99,1197.665,1306.34,1349.145,1391.95,1209.135,1026.32,1162.5749999999998,1298.83,10.4,11.2,12.0,11.8,11.6,12.1,12.6,11.1,9.6,10.399999999999999,11.2,788.01,857.99,927.97,920.265,912.56,958.5899999999999,1004.62,891.325,778.03,850.77,923.51
31,Yucatan,64.0,60.85,57.7,54.75,51.8,57.3,62.8,61.75,60.7,60.5,60.3,1234.2,1189.73,1145.26,1100.915,1056.57,1184.4,1312.23,1309.73,1307.23,1318.995,1330.76,19.8,20.35,20.9,22.0,23.1,20.950000000000003,18.8,19.4,20.0,20.15,20.3,381.31,397.725,414.14,442.85,471.56,432.22,392.88,412.105,431.33,439.735,448.14,11.4,12.850000000000001,14.3,14.8,15.3,13.600000000000001,11.9,12.25,12.6,12.85,13.1,218.94,250.94,282.94,297.195,311.45,279.9,248.35,260.13,271.91,280.5,289.09,4.9,6.0,7.1,8.45,9.8,8.15,6.5,6.6,6.7,6.5,6.3,94.24,117.81,141.38,171.10500000000002,200.83,168.15,135.47,139.435,143.4,141.28,139.16
32,Zacatecas,44.0,49.3,54.6,55.55,56.5,61.3,66.1,66.0,65.9,64.65,63.4,651.12,738.565,826.01,848.155,870.3,952.375,1034.45,1042.2,1049.95,1037.305,1024.66,36.3,28.4,20.5,20.85,21.2,19.15,17.1,18.05,19.0,19.45,19.9,538.11,424.225,310.34,318.67999999999995,327.02,297.53499999999997,268.05,285.255,302.46,312.09000000000003,321.72,13.1,12.899999999999999,12.7,12.7,12.7,10.649999999999999,8.6,8.6,8.6,9.25,9.9,193.69,192.805,191.92,193.69,195.46,165.24,135.02,136.27,137.52,148.85000000000002,160.18,6.6,9.399999999999999,12.2,10.899999999999999,9.6,8.899999999999999,8.2,7.3,6.4,6.550000000000001,6.7,97.68,141.17000000000002,184.66,166.51999999999998,148.38,138.485,128.59,115.465,102.34,105.41499999999999,108.49
